N°,NOMBRE,LENGUAJE,,,,,,,,,,,LENGUAJE,,,,,,,,,,,INGLÉS,,,,,,INGLÉS,,,,,,MATEMÁTICA,,,,,,,,,,,MATEMÁTICA,,,,,,,,,,,HISTORIA Y CS. SOC.,,,,,,HISTORIA Y CS. SOC.,,,,,,BIOLOGÍA,,,,,,BIOLOGÍA,,,,,,,,,,QUÍMICA,,,,,,,,,QUÍMICA,,,,,,,,,FÍSICA,,,,,,,,,FÍSICA,,,,,,,,,CS. NATURALES,,,,,,CS. NATURALES,,,,,,ARTES MUSICALES,,,,,,ARTES MUSICALES,,,,,,ED. TECNOLÓGICA,,,,,,ED. TECNOLÓGICA,,,,,,ED. FÍSICA,,,,,,ED. FÍSICA,,,,,,PROGRAMACIÓN,,,,,,A. EN PÁRVULO,,,,,,A. EN ENFERMERÍA,,,,,,FORMACIÓN VALÓRICA,,,,,,FORMACIÓN VALÓRICA,,,,,
,,N1,N2,N3,N4,N5,N6,N7,N8,N9,N10,PROMEDIO,N1,N2,N3,N4,N5,N6,N7,N8,N9,N10,PROMEDIO,N1,N2,N3,N4,N5,PROMEDIO,N1,N2,N3,N4,N5,PROMEDIO,N1,N2,N3,N4,N5,N6,N7,N8,N9,N10,PROMEDIO,N1,N2,N3,N4,N5,N6,N7,N8,N9,N10,PROMEDIO,N1,N2,N3,N4,N5,PROMEDIO,N1,N2,N3,N4,N5,PROMEDIO,N1,N2,N3,N4,N5,PROMEDIO,N1,N2,N3,N4,N5,N6,N7,N8,N9,PROMEDIO,N1,N2,N3,N4,N5,N6,N7,N8,PROMEDIO,N1,N2,N3,N4,N5,N6,N7,N8,PROMEDIO,N1,N2,N3,N4,N5,N6,N7,N8,PROMEDIO,N1,N2,N3,N4,N5,N6,N7,N8,PROMEDIO,N1,N2,N3,N4,N5,PROMEDIO,N1,N2,N3,N4,N5,PROMEDIO,N1,N2,N3,N4,N5,PROMEDIO,N1,N2,N3,N4,N5,PROMEDIO,N1,N2,N3,N4,N5,PROMEDIO,N1,N2,N3,N4,N5,PROMEDIO,N1,N2,N3,N4,N5,PROMEDIO,N1,N2,N3,N4,N5,PROMEDIO,N1,N2,N3,N4,N5,PROMEDIO,N1,N2,N3,N4,N5,PROMEDIO,N1,N2,N3,N4,N5,PROMEDIO,N1,N2,N3,N4,N5,PROMEDIO,N1,N2,N3,N4,N5,PROMEDIO
,,,,,,,,,,,,,,,,,,,,,,,,,,,,,,,,,,,,,,,,,,,,,,,,,,,,,,,,,,,,,,,,,,,,,,,,,,,,,,,,,,,,,,,,,,,,,,,,,,,,,,,,,,,,,,,,,,,,,,,,,,,,,,,,,,,,,,,,,,,,,,,,,,,,,,,,,,,,,,,,,,,,,,,,,,,,,,,,,,,,,,,,,,,,,,,,,,,,,,,
2,alvarez mejias jail yavier,"4,4","6,5","5,9",6,"6,5","6,2","6,2",,,,"5,9",,,,,,,,,,,0,"6,7","6,6",7,7,,"6,8","6,2","6,1",,,,"6,1","6,4","4,9",7,"5,5",7,6,,,,,"6,1","6,5","5,7",,,,,,,,,"6,1","5,5","6,6","6,8","4,8",,"5,9","5,7","6,5",,,,"6,1","6,3","6,4","6,6",7,,"6,5","5,7",5,,,,,,,,"5,3",6,6,,,,,,,6,5,,,,,,,,5,"5,6",5,,,,,,,"5,3","5,6",,,,,,,,"5,6",,,,,,0,,,,,,0,"5,8",7,,,,"6,4",,,,,,0,7,7,"5,5",,,"6,5",,,,,,0,7,7,7,,,7,"6,5",7,,,,"6,7",7,7,7,6,,"6,7","6,7","6,8",7,"6,8",,"6,8",,,,,,0,MB,MB,,,,MB,,,,,,0
,,,,,,,,,,,,,,,,,,,,,,,,,,,,,,,,,,,,,,,,,,,,,,,,,,,,,,,,,,,,,,,,,,,,,,,,,,,,,,,,,,,,,,,,,,,,,,,,,,,,,,,,,,,,,,,,,,,,,,,,,,,,,,,,,,,,,,,,,,,,,,,,,,,,,,,,,,,,,,,,,,,,,,,,,,,,,,,,,,,,,,,,,,,,,,,,,,,,,,,
4,arias soto millenka katiuzka,3,"4,2",,,,,,,,,"3,6",,,,,,,,,,,0,4,1,7,"4,5",,"4,1","2,3",4,,,,"3,1","1,4","3,1",2,3,"2,7",4,,,,,"2,7",5,"2,1",,,,,,,,,"3,5","5,6","6,2","6,2","6,2",,6,"4,1",,,,,"4,1","6,3",2,"6,8",7,,"5,5","5,2",5,,,,,,,,"5,1",4,"3,2",,,,,,,"3,6","5,5",,,,,,,,"5,5",4,"5,8",,,,,,,"4,9","4,3",,,,,,,,"4,3",,,,,,0,,,,,,0,6,7,,,,"6,5",,,,,,0,5,"5,5","5,5",,,"5,3",,,,,,0,6,"6,5","6,2",,,"6,2","5,5",7,,,,"6,2",7,7,7,,,7,"6,3","6,4","6,5","6,4",,"6,4",,,,,,0,MB,MB,,,,MB,,,,,,0
,,,,,,,,,,,,,,,,,,,,,,,,,,,,,,,,,,,,,,,,,,,,,,,,,,,,,,,,,,,,,,,,,,,,,,,,,,,,,,,,,,,,,,,,,,,,,,,,,,,,,,,,,,,,,,,,,,,,,,,,,,,,,,,,,,,,,,,,,,,,,,,,,,,,,,,,,,,,,,,,,,,,,,,,,,,,,,,,,,,,,,,,,,,,,,,,,,,,,,,
,,,,,,,,,,,,,,,,,,,,,,,,,,,,,,,,,,,,,,,,,,,,,,,,,,,,,,,,,,,,,,,,,,,,,,,,,,,,,,,,,,,,,,,,,,,,,,,,,,,,,,,,,,,,,,,,,,,,,,,,,,,,,,,,,,,,,,,,,,,,,,,,,,,,,,,,,,,,,,,,,,,,,,,,,,,,,,,,,,,,,,,,,,,,,,,,,,,,,,,
,,,,,,,,,,,,,,,,,,,,,,,,,,,,,,,,,,,,,,,,,,,,,,,,,,,,,,,,,,,,,,,,,,,,,,,,,,,,,,,,,,,,,,,,,,,,,,,,,,,,,,,,,,,,,,,,,,,,,,,,,,,,,,,,,,,,,,,,,,,,,,,,,,,,,,,,,,,,,,,,,,,,,,,,,,,,,,,,,,,,,,,,,,,,,,,,,,,,,,,
8,gorlitz parra javiera constanza,4,"5,3","4,8",5,5,5,"6,7",,,,"5,1",,,,,,,,,,,0,"6,3","6,2","6,7","6,5",,"6,4",6,"6,5",,,,"6,2","5,1",4,7,"4,7",7,"6,5",,,,,"5,7","5,1","6,5",,,,,,,,,"5,8","5,4","5,8",5,7,,"5,8",4,,,,,4,"4,3","4,1","6,4",7,,"5,4","5,7",5,,,,,,,,"5,3","3,3",4,,,,,,,"3,6","6,3",,,,,,,,"6,3","4,9","4,9",,,,,,,"4,9","4,6",,,,,,,,"4,6",,,,,,0,,,,,,0,"5,3",7,,,,"6,1",,,,,,0,7,4,"5,2",,,"5,4",,,,,,0,"6,5","6,5",7,,,"6,6","6,5",7,,,,"6,7",7,7,7,5,,"6,5","6,5","6,1",7,"6,5",,"6,5",,,,,,0,MB,MB,,,,MB,,,,,,0
9,herrera bastías catalina anaís,"3,3","4,3","4,1",5,4,"4,1","6,5",,,,"4,4",,,,,,,,,,,0,5,1,"4,1",5,,"3,7",,"5,7",,,,"5,7","2,3","6,5","4,7",4,"3,1","4,5",,,,,"4,1","3,4",,,,,,,,,,"3,4","4,2","5,7","6,8","6,7",,"5,8",7,"6,5",,,,"6,7","1,2","1,5",7,7,,"4,1","3,6",3,,,,,,,,"3,3","3,7","4,3",,,,,,,4,"5,1",,,,,,,,"5,1",4,"5,6",,,,,,,"4,8",4,,,,,,,,4,,,,,,0,,,,,,0,"5,8",2,,,,"3,9",,,,,,0,7,4,"3,7",,,"4,9",,,,,,0,"5,2","6,5","4,7",,,"5,4",7,7,,,,7,7,7,7,"5,5",,"6,6","6,2","5,5",7,"6,2",,"6,2",,,,,,0,MB,MB,,,,MB,,,,,,0
10,lanas lobos axel patricio,3,"5,3","4,6",5,5,5,"6,2",,,,"4,8",,,,,,,,,,,0,3,1,,,,2,"5,8",4,,,,"4,9","4,7","5,3","4,5",5,"2,7","5,5",,,,,"4,6",,"5,7",,,,,,,,,"5,7","5,1","5,5","3,7","4,3",,"4,6","5,7","6,5",,,,"6,1","3,2","1,5",5,7,,"4,1","3,6",3,,,,,,,,"3,3","2,6","3,7",,,,,,,"3,1","5,5",,,,,,,,"5,5","3,2","6,5",,,,,,,"4,8",4,,,,,,,,4,,,,,,0,,,,,,0,"6,2",2,,,,"4,1",,,,,,0,7,4,"4,5",,,"5,1",,,,,,0,"5,2","6,5","6,6",,,"6,1",2,7,,,,"4,5",2,2,2,2,,2,5,7,5,7,,6,,,,,,0,MB,MB,,,,MB,,,,,,0
,,,,,,,,,,,,,,,,,,,,,,,,,,,,,,,,,,,,,,,,,,,,,,,,,,,,,,,,,,,,,,,,,,,,,,,,,,,,,,,,,,,,,,,,,,,,,,,,,,,,,,,,,,,,,,,,,,,,,,,,,,,,,,,,,,,,,,,,,,,,,,,,,,,,,,,,,,,,,,,,,,,,,,,,,,,,,,,,,,,,,,,,,,,,,,,,,,,,,,,
12,madrid rozas alejandra carolina,"3,5","4,5","4,5",5,5,"4,5","6,7",,,,"4,8",,,,,,,,,,,0,"4,5","5,7",,,,"5,1",,"4,6",,,,"4,6","2,5",4,7,3,"4,3",5,,,,,"4,3","2,4",,,,,,,,,,"2,4","4,6","5,8",5,"6,8",,"5,5","4,9",,,,,"4,9",4,"1,6","6,4",7,,"4,7","5,7",5,,,,,,,,"5,3","2,8",4,,,,,,,"3,4","6,3",,,,,,,,"6,3","4,7","1,5",,,,,,,"3,1","4,6",,,,,,,,"4,6",,,,,,0,,,,,,0,"5,3",7,,,,"6,1",,,,,,0,7,4,"5,2",,,"5,4",,,,,,0,"6,2",6,7,,,"6,4",6,7,,,,"6,5",7,7,7,4,,"6,2",5,"6,2",7,7,,"6,3",,,,,,0,MB,MB,,,,MB,,,,,,0
13,marín gonzález ricardo andrés,"3,5","3,2","3,5","4,5",5,"4,5","6,5",,,,"4,3",,,,,,,,,,,0,"3,5",1,"6,5","4,5",,"3,8","5,8",,,,,"5,8","3,3","5,3",2,2,2,7,,,,,"3,6","5,4",,,,,,,,,,"5,4","4,6","4,8","5,8","4,1",,"4,8","4,4",,,,,"4,4",3,"1,5","6,8",7,,"4,5",,,,,,,,,,0,"2,7","2,8",,,,,,,"2,7","5,7",,,,,,,,"5,7",4,"6,1",,,,,,,5,"3,7",,,,,,,,"3,7",,,,,,0,,,,,,0,"6,2",2,,,,"4,1",,,,,,0,6,6,"4,5",,,"5,5",,,,,,0,7,6,6,,,"6,3",2,,,,,2,2,2,2,2,,2,4,4,4,4,,4,,,,,,0,MB,MB,,,,MB,,,,,,0
14,núñez carrasco martín enrique,"6,7","6,3","6,7",7,7,"6,6","6,7",,,,"6,7",,,,,,,,,,,0,7,"6,7","6,7",6,,"6,6","6,2","5,3",,,,"5,7","4,5",7,"6,4",5,6,7,,,,,"5,9","4,4","6,8",,,,,,,,,"5,6","6,8","6,5","6,8","6,8",,"6,7",6,"6,5",,,,"6,2","6,6","4,3","6,6",7,,"6,1","6,8",7,,,,,,,,"6,9","6,7","6,7",,,,,,,"6,7","5,5",,,,,,,,"5,5","6,3","5,7",,,,,,,6,6,,,,,,,,6,,,,,,0,,,,,,0,"6,6",7,,,,"6,8",,,,,,0,7,7,7,,,7,,,,,,0,7,6,7,,,"6,6","5,5",7,,,,"6,2",7,7,7,3,,6,"5,5",4,"6,5",7,,"5,7",,,,,,0,MB,MB,,,,MB,,,,,,0
15,núñez ponce yendeli esmeralda,"6,1","6,3",7,7,"6,5","6,5",7,7,,,"6,6",,,,,,,,,,,0,5,7,7,7,,"6,5","5,3","4,8",,,,5,7,"6,4","5,9",7,7,7,,,,,"6,7","5,3","5,4",,,,,,,,,"5,3","6,4","6,1","6,8","4,7",,6,"6,4",7,,,,"6,7","6,6","5,4",7,7,,"6,5","6,1",7,,,,,,,,"6,5","5,3","6,4",,,,,,,"5,8","4,5",,,,,,,,"4,5","4,7",4,,,,,,,"4,3","4,3",,,,,,,,"4,3",,,,,,0,,,,,,0,"6,6",7,,,,"6,8",,,,,,0,7,7,7,,,7,,,,,,0,"6,7","6,5",7,,,"6,7",7,7,,,,7,7,7,7,7,,7,"6,3","6,6",7,6,,"6,4",,,,,,0,MB,MB,,,,MB,,,,,,0
16,olguín hernández iker yamil darius,"3,2","4,4","4,4","5,5","4,5","4,4",7,,,,"4,7",,,,,,,,,,,0,"6,3",7,7,"6,3",,"6,6","5,2","4,7",,,,"4,9","3,5","4,8","4,5",3,"4,1",5,,,,,"4,1","3,6",4,,,,,,,,,"3,8",4,"6,3","3,8",5,,"4,7","4,5",,,,,"4,5","3,4",3,"6,8",7,,5,"3,6",3,,,,,,,,"3,3","3,3","2,6",,,,,,,"2,9","5,9",,,,,,,,"5,9","4,9","5,8",,,,,,,"5,3","4,6",,,,,,,,"4,6",,,,,,0,,,,,,0,"6,6",7,,,,"6,8",,,,,,0,7,4,"5,5",,,"5,5",,,,,,0,"6,4","6,5","6,6",,,"6,5",6,7,,,,"6,5",7,7,2,6,,"5,5",4,"4,8","5,5",6,,5,,,,,,0,MB,MB,,,,MB,,,,,,0
17,oyaneder brante danae estefanía,,,,,,6,,,,,6,,,,,,,,,,,0,5,"5,7",5,"2,3",,"4,5","2,7","4,5",,,,"3,6",4,"4,9","6,7",6,"5,6","6,5",,,,,"5,6","4,6","3,8",,,,,,,,,"4,2","6,6","6,3","5,8","6,5",,"6,3","6,8","6,5",,,,"6,6","5,2","1,5","5,4",,,4,"4,3",7,,,,,,,,"5,6","5,3","4,8",,,,,,,5,"5,3",,,,,,,,"5,3",4,"6,6",,,,,,,"5,3",4,,,,,,,,4,,,,,,0,,,,,,0,"5,8",2,,,,"3,9",,,,,,0,7,"6,9",5,,,"6,3",,,,,,0,"5,2",6,"5,6",,,"5,6",7,7,,,,7,7,7,7,6,,"6,7","6,7","5,8","6,5",7,,"6,5",,,,,,0,MB,MB,,,,MB,,,,,,0
,,,,,,,,,,,,,,,,,,,,,,,,,,,,,,,,,,,,,,,,,,,,,,,,,,,,,,,,,,,,,,,,,,,,,,,,,,,,,,,,,,,,,,,,,,,,,,,,,,,,,,,,,,,,,,,,,,,,,,,,,,,,,,,,,,,,,,,,,,,,,,,,,,,,,,,,,,,,,,,,,,,,,,,,,,,,,,,,,,,,,,,,,,,,,,,,,,,,,,,
,,,,,,,,,,,,,,,,,,,,,,,,,,,,,,,,,,,,,,,,,,,,,,,,,,,,,,,,,,,,,,,,,,,,,,,,,,,,,,,,,,,,,,,,,,,,,,,,,,,,,,,,,,,,,,,,,,,,,,,,,,,,,,,,,,,,,,,,,,,,,,,,,,,,,,,,,,,,,,,,,,,,,,,,,,,,,,,,,,,,,,,,,,,,,,,,,,,,,,,
,,,,,,,,,,,,,,,,,,,,,,,,,,,,,,,,,,,,,,,,,,,,,,,,,,,,,,,,,,,,,,,,,,,,,,,,,,,,,,,,,,,,,,,,,,,,,,,,,,,,,,,,,,,,,,,,,,,,,,,,,,,,,,,,,,,,,,,,,,,,,,,,,,,,,,,,,,,,,,,,,,,,,,,,,,,,,,,,,,,,,,,,,,,,,,,,,,,,,,,
,,,,,,,,,,,,,,,,,,,,,,,,,,,,,,,,,,,,,,,,,,,,,,,,,,,,,,,,,,,,,,,,,,,,,,,,,,,,,,,,,,,,,,,,,,,,,,,,,,,,,,,,,,,,,,,,,,,,,,,,,,,,,,,,,,,,,,,,,,,,,,,,,,,,,,,,,,,,,,,,,,,,,,,,,,,,,,,,,,,,,,,,,,,,,,,,,,,,,,,
22,ríos cerda sebastián lionel,"5,8","6,1","5,8","5,5",5,"6,7","6,5",,,,"5,9",,,,,,,,,,,0,6,"4,3",,,,"5,1","6,3",6,,,,"6,1","3,7","4,4",2,"5,2",4,5,,,,,4,5,"4,1",,,,,,,,,"4,5","5,7",6,"5,5","4,8",,"5,5","4,9","6,5",,,,"5,7","5,4","1,5","6,4",7,,5,"6,5",7,,,,,,,,"6,7","4,4","3,7",,,,,,,4,"4,8",,,,,,,,"4,8","4,9","4,9",,,,,,,"4,9","5,3",,,,,,,,"5,3",,,,,,0,,,,,,0,"6,2",2,,,,"4,1",,,,,,0,7,"5,5",4,,,"5,5",,,,,,0,7,7,"6,7",,,"6,9",7,7,,,,7,7,7,7,6,,"6,7","5,6",6,4,5,,"5,1",,,,,,0,MB,MB,,,,MB,,,,,,0
23,roca ribera moises eduardo,"5,8","5,5",,"6,5",6,"6,6",,,,,6,,,,,,,,,,,0,"6,3","5,3","6,2","6,2",,6,"5,5","4,2",,,,"4,8","5,7","4,9",7,"6,5","2,7",7,,,,,"5,6",,"4,1",,,,,,,,,"4,1","4,4","5,6","3,8","6,7",,"5,1",4,,,,,4,"5,9","4,5","6,3",7,,"5,9","4,5",4,,,,,,,,"4,2","3,5","2,6",,,,,,,3,"3,6",,,,,,,,"3,6",7,"5,8",,,,,,,"6,4","4,6",,,,,,,,"4,6",,,,,,0,,,,,,0,"4,5",7,,,,"5,7",,,,,,0,7,4,"5,5",,,"5,5",,,,,,0,"6,7","6,5",7,,,"6,7",,,,,,0,7,7,2,"3,5",,"4,8","5,6","5,2",4,6,,"5,2",,,,,,0,MB,MB,,,,MB,,,,,,0
24,sepúlveda bustamante katia marcela,6,7,"6,2","6,5",7,"6,5","6,7",,,,"6,5",,,,,,,,,,,0,5,"6,3","6,2",7,,"6,1","6,3","6,3",,,,"6,3","6,4","6,4",7,7,7,7,,,,,"6,8","5,6",7,,,,,,,,,"6,3",7,"6,6","6,8","6,3",,"6,6","6,6",,,,,"6,6","5,7","5,3","6,4",7,,"6,1","6,1",7,,,,,,,,"6,5",6,"6,4",,,,,,,"6,2","5,1",,,,,,,,"5,1","5,6","6,1",,,,,,,"5,8","6,7",,,,,,,,"6,7",,,,,,0,,,,,,0,"6,6",7,,,,"6,8",,,,,,0,7,7,7,,,7,,,,,,0,"5,5",6,6,,,"5,8","6,5",7,,,,"6,7",7,7,7,7,,7,7,"6,3",7,"6,5",,"6,7",,,,,,0,MB,MB,,,,MB,,,,,,0
25,sepúlveda rojo isidora valentina,5,"5,5",5,"6,5",5,"5,4","6,5",,,,"5,5",,,,,,,,,,,0,"4,2","6,1","4,8","4,2",,"4,8",,"5,7",,,,"5,7",2,"5,5",2,4,7,"4,1",,,,,"4,1","6,2","2,3",,,,,,,,,"4,2","5,5",6,4,7,,"5,6",7,"6,5",,,,"6,7","6,5","2,9",7,7,,"5,8","3,4","5,7",,,,,,,,"4,5","5,8","6,9",,,,,,,"6,3",,,,,,,,,0,"6,3","1,5",,,,,,,"3,9",6,,,,,,,,6,,,,,,0,,,,,,0,2,5,,,,"3,5",,,,,,0,7,4,"5,5",,,"5,5",,,,,,0,"5,5","6,5","6,3",,,"6,1",6,7,,,,"6,5",2,2,7,"5,5",,"4,1",4,"5,5",7,"5,5",,"5,5",,,,,,0,MB,MB,,,,MB,,,,,,0
26,serón casas franco facundo,7,7,"6,8",7,"6,5","6,8","6,7",,,,"6,8",,,,,,,,,,,0,"6,3","6,6","6,2","6,7",,"6,4",7,"6,3",,,,"6,6",7,7,7,7,7,7,,,,,7,7,"6,8",,,,,,,,,"6,9","5,7","6,6",7,"5,9",,"6,3","6,6","6,5",,,,"6,5",7,"6,4",7,7,,"6,8","6,8",7,,,,,,,,"6,9",7,"5,9",,,,,,,"6,4","5,7",,,,,,,,"5,7",7,7,,,,,,,7,"4,3",,,,,,,,"4,3",,,,,,0,,,,,,0,"6,2",7,,,,"6,6",,,,,,0,7,7,7,,,7,,,,,,0,7,7,7,,,7,7,7,,,,7,7,7,7,5,,"6,5",6,"5,8",7,"6,2",,"6,2",,,,,,0,MB,MB,,,,MB,,,,,,0
,,,,,,,,,,,,,,,,,,,,,,,,,,,,,,,,,,,,,,,,,,,,,,,,,,,,,,,,,,,,,,,,,,,,,,,,,,,,,,,,,,,,,,,,,,,,,,,,,,,,,,,,,,,,,,,,,,,,,,,,,,,,,,,,,,,,,,,,,,,,,,,,,,,,,,,,,,,,,,,,,,,,,,,,,,,,,,,,,,,,,,,,,,,,,,,,,,,,,,,
,,,,,,,,,,,,,,,,,,,,,,,,,,,,,,,,,,,,,,,,,,,,,,,,,,,,,,,,,,,,,,,,,,,,,,,,,,,,,,,,,,,,,,,,,,,,,,,,,,,,,,,,,,,,,,,,,,,,,,,,,,,,,,,,,,,,,,,,,,,,,,,,,,,,,,,,,,,,,,,,,,,,,,,,,,,,,,,,,,,,,,,,,,,,,,,,,,,,,,,
29,urbina almendares pascale antonella,"5,5","4,5","5,5",6,5,7,"6,5",,,,"5,7",,,,,,,,,,,0,3,"6,1",7,"5,5",,"5,4",7,"6,5",,,,"6,7","5,4","5,5",6,5,"3,1","5,5",,,,,5,"6,6",7,,,,,,,,,"6,8","5,4",6,6,5,,"5,6",7,"6,5",,,,"6,7",7,"4,5","1,5",7,,5,"3,4","5,7",,,,,,,,"4,5",7,"3,4",,,,,,,"5,2","5,7",,,,,,,,"5,7","6,3","6,6",,,,,,,"6,4",6,,,,,,,,6,,,,,,0,,,,,,0,"5,7",5,,,,"5,3",,,,,,0,7,4,"5,5",,,"5,5",,,,,,0,6,6,7,,,"6,3",6,7,,,,"6,5",6,5,7,,,6,"6,6",6,7,7,,"6,6",,,,,,0,MB,MB,,,,MB,,,,,,0
,,,,,,,,,,,,,,,,,,,,,,,,,,,,,,,,,,,,,,,,,,,,,,,,,,,,,,,,,,,,,,,,,,,,,,,,,,,,,,,,,,,,,,,,,,,,,,,,,,,,,,,,,,,,,,,,,,,,,,,,,,,,,,,,,,,,,,,,,,,,,,,,,,,,,,,,,,,,,,,,,,,,,,,,,,,,,,,,,,,,,,,,,,,,,,,,,,,,,,,
,,,,,,,,,,,,,,,,,,,,,,,,,,,,,,,,,,,,,,,,,,,,,,,,,,,,,,,,,,,,,,,,,,,,,,,,,,,,,,,,,,,,,,,,,,,,,,,,,,,,,,,,,,,,,,,,,,,,,,,,,,,,,,,,,,,,,,,,,,,,,,,,,,,,,,,,,,,,,,,,,,,,,,,,,,,,,,,,,,,,,,,,,,,,,,,,,,,,,,,
,,,,,,,,,,,,,,,,,,,,,,,,,,,,,,,,,,,,,,,,,,,,,,,,,,,,,,,,,,,,,,,,,,,,,,,,,,,,,,,,,,,,,,,,,,,,,,,,,,,,,,,,,,,,,,,,,,,,,,,,,,,,,,,,,,,,,,,,,,,,,,,,,,,,,,,,,,,,,,,,,,,,,,,,,,,,,,,,,,,,,,,,,,,,,,,,,,,,,,,
33,silva rodríguez daniela isabel,,"4,8",,"6,4",,"5,5",,,,,"5,5",,,,,,,,,,,0,,1,,"1,9",,"1,4",2,,,,,2,,"4,9","4,5",4,2,"3,8",,,,,"3,8",,"2,4",,,,,,,,,"2,4",6,6,"5,3","6,7",,6,"5,3",7,,,,"6,1",6,6,6,,,6,"6,2",6,,,,,,,,"6,1","2,9",7,,,,,,,"4,9","4,9",,,,,,,,"4,9","4,2",5,,,,,,,"4,6","4,6",,,,,,,,"4,6",,,,,,0,,,,,,0,,2,,,,2,,,,,,0,5,6,,,,"5,5",,,,,,0,"6,3","6,3",6,,,"6,2",6,,,,,6,,7,,4,,"5,5","6,7",4,"6,5",6,,"5,8",,,,,,0,MB,MB,,,,MB,,,,,,0
34,madrid rozas sigrid antonia,,,,,,,,,,,0,,,,,,,,,,,0,,"6,3",,,,"6,3","3,8","5,6",,,,"4,7",4,"3,6","6,7","5,5",6,5,,,,,"5,1","3,4",,,,,,,,,,"3,4","5,3","5,3","3,8","6,8",,"5,3",4,,,,,4,7,6,"6,4",,,"6,4",,,,,,,,,,0,"5,6","6,2",,,,,,,"5,9","3,9",,,,,,,,"3,9","6,7","6,7",,,,,,,"6,7","1,9",,,,,,,,"1,9",,,,,,0,,,,,,0,,7,,,,7,,,,,,0,5,2,4,,,"3,6",,,,,,0,7,"6,5","6,2",,,"6,5",7,7,,,,7,,7,,7,,7,"6,7","6,8",7,"6,8",,"6,8",,,,,,0,MB,MB,,,,MB,,,,,,0
,,,,,,,,,,,,,,,,,,,,,,,,,,,,,,,,,,,,,,,,,,,,,,,,,,,,,,,,,,,,,,,,,,,,,,,,,,,,,,,,,,,,,,,,,,,,,,,,,,,,,,,,,,,,,,,,,,,,,,,,,,,,,,,,,,,,,,,,,,,,,,,,,,,,,,,,,,,,,,,,,,,,,,,,,,,,,,,,,,,,,,,,,,,,,,,,,,,,,,,
36,núñez neira pía constanza antonella,"4,2",,,,,,,,,,"4,2",,,,,,,,,,,0,"6,4","4,2",6,"2,7",,"4,8",6,,,,,6,"5,5","6,7","6,3",6,7,"6,5",,,,,"6,3",,4,,,,,,,,,4,"5,5","5,7",6,7,,6,7,"6,5",,,,"6,7",7,"4,6",7,,,"6,2","3,4",6,,,,,,,,"4,7","2,6","6,4",,,,,,,"4,5","5,5",,,,,,,,"5,5","6,3","6,6",,,,,,,"6,4",6,,,,,,,,6,,,,,,0,,,,,,0,"6,7",,,,,"6,7",,,,,,0,7,7,,,,7,,,,,,0,6,7,"6,6",,,"6,5","5,5",7,,,,"6,2",,,,,,0,"6,7","6,3",7,7,,"6,7",,,,,,0,MB,MB,,,,MB,,,,,,0
37,mora hidalgo tomás eduardo,,,,,5,,,,,,5,,,,,,,,,,,0,"6,4","6,1","6,7","6,5",,"6,4",7,5,,,,6,"5,5",7,7,7,"6,3","6,8",,,,,"6,6","2,7",4,,,,,,,,,"3,3","6,4","6,4","6,8",6,,"6,4","5,3","6,5",,,,"5,9","6,3",6,6,,,"6,1",,7,,,,,,,,7,"1,5","6,4",,,,,,,"3,9","2,7",,,,,,,,"2,7","1,5","4,3",,,,,,,"2,9","5,3",,,,,,,,"5,3",,,,,,0,,,,,,0,,,,,,0,,,,,,0,7,3,,,,5,,,,,,0,"6,8","6,5",6,,,"6,4",2,,,,,2,,,,,,0,"5,2","5,2","6,5",4,,"5,2",,,,,,0,MB,MB,,,,MB,,,,,,0
38,mancilla gallardo isidora emilia,6,"5,4","6,5",7,"4,5","6,1",,,,,"5,9",,,,,,,,,,,0,"6,3","3,2","4,4","3,6",,"4,3",,"4,8",,,,"4,8","5,4","5,4","5,4","5,2","3,6",5,,,,,5,"5,3","4,8",,,,,,,,,5,4,"6,5","2,8","5,8","6,5","5,1","6,4",7,,,,"6,7","4,4","2,2","6,2",,,"4,2",,,,,,,,,,0,7,3,"3,6",,,,,,"4,5","4,4",,,,,,,,"4,4","6,3","3,3","6,3",,,,,,"5,3",,,,,,,,,0,,,,,,0,,,,,,0,6,"5,3","6,3",,,"5,8",,,,,,0,"6,5","6,8",,,,"6,6",,,,,,0,7,7,7,6,,"6,7",7,7,,,,7,,,,,,0,6,6,7,7,,"6,5",,,,,,0,B,MB,,,,MB,,,,,,0
39,montecinos ponce martina belén,5,3,"3,6",4,"6,5",,,,,,"4,4",,,,,,,,,,,0,6,"5,2","4,5",,,"5,2",,,,,,0,"2,2","3,2",4,6,"3,7",7,,,,,"4,3",,"5,3",,,,,,,,,"5,3","4,5","3,1",,,,"3,8",,7,,,,7,"4,7","4,7","4,7",,,"4,7",,,,,,,,,,0,"4,7","4,7","4,7",,,,,,"4,7",,,,,,,,,0,"4,7","4,7","4,7",,,,,,"4,7",,,,,,,,,0,,,,,,0,,,,,,0,7,7,7,7,,7,,,,,,0,4,5,,,,"4,5",,,,,,0,7,7,7,,,7,7,7,,,,7,,,,,,0,5,6,7,6,,6,,,,,,0,,,,,,0,,,,,,0
40,valdivia tobar florencia ines,"6,5",6,"6,3","5,4","4,7",,,,,,"5,7",,,,,,,,,,,0,"6,4","2,6","3,2","4,1",,4,,"4,2",,,,"4,2","3,5","2,8","3,1","4,1","2,5",,,,,,"3,2",,"3,7",,,,,,,,,"3,7",4,"6,7","5,1","5,8","3,4",5,5,7,,,,6,3,"3,1","3,6",,,"3,2",,,,,,,,,,0,4,2,"4,7",,,,,,"3,5",,,,,,,,,0,6,1,"4,7",,,,,,"3,9",,,,,,,,,0,,,,,,0,,,,,,0,"6,3",4,"6,2",,,"5,5",,,,,,0,7,"3,4",,,,"5,2",,,,,,0,"6,6",5,"6,1",,,"5,9",7,7,,,,7,,,,,,0,6,6,7,6,,"6,2",,,,,,0,B,B,B,,,0,,,,,,0