N°,NOMBRE,LENGUAJE,,,,,,,,,,,LENGUAJE,,,,,,,,,,,INGLÉS,,,,,,INGLÉS,,,,,,MATEMÁTICA,,,,,,,,,,,MATEMÁTICA,,,,,,,,,,,HISTORIA Y CS. SOC.,,,,,,,HISTORIA Y CS. SOC.,,,,,,BIOLOGÍA,,,,,,BIOLOGÍA,,,,,,,,,,QUÍMICA,,,,,,,,,QUÍMICA,,,,,,,,,FÍSICA,,,,,,,,,FÍSICA,,,,,,,,,CS. NATURALES,,,,,,CS. NATURALES,,,,,,ARTES VISUALES,,,,,,ARTES VISUALES,,,,,,ED. TECNOLÓGICA,,,,,,ED. TECNOLÓGICA,,,,,,ED. FÍSICA,,,,,,ED. FÍSICA,,,,,,A. EN PÁRVULO,,,,,,A. EN ENFERMERÍA,,,,,,PROGRAMACIÓN,,,,,,FORMACIÓN VALÓRICA,,,,,,FORMACIÓN VALÓRICA,,,,,
,,N1,N2,N3,N4,N5,N6,N7,N8,N9,N10,PROMEDIO,N1,N2,N3,N4,N5,N6,N7,N8,N9,N10,PROMEDIO,N1,N2,N3,N4,N5,PROMEDIO,N1,N2,N3,N4,N5,PROMEDIO,N1,N2,N3,N4,N5,N6,N7,N8,N9,N10,PROMEDIO,N1,N2,N3,N4,N5,N6,N7,N8,N9,N10,PROMEDIO,N1,N2,N3,N4,N5,N6,PROMEDIO,N1,N2,N3,N4,N5,PROMEDIO,N1,N2,N3,N4,N5,PROMEDIO,N1,N2,N3,N4,N5,N6,N7,N8,N9,PROMEDIO,N1,N2,N3,N4,N5,N6,N7,N8,PROMEDIO,N1,N2,N3,N4,N5,N6,N7,N8,PROMEDIO,N1,N2,N3,N4,N5,N6,N7,N8,PROMEDIO,N1,N2,N3,N4,N5,N6,N7,N8,PROMEDIO,N1,N2,N3,N4,N5,PROMEDIO,N1,N2,N3,N4,N5,PROMEDIO,N1,N2,N3,N4,N5,PROMEDIO,N1,N2,N3,N4,N5,PROMEDIO,N1,N2,N3,N4,N5,PROMEDIO,N1,N2,N3,N4,N5,PROMEDIO,N1,N2,N3,N4,N5,PROMEDIO,N1,N2,N3,N4,N5,PROMEDIO,N1,N2,N3,N4,N5,PROMEDIO,N1,N2,N3,N4,N5,PROMEDIO,N1,N2,N3,N4,N5,PROMEDIO,N1,N2,N3,N4,N5,PROMEDIO,N1,N2,N3,N4,N5,PROMEDIO
1,alvarez mejias javily javier,"6,6",7,"6,5","6,5","6,1",7,,,,,"6,6",7,,,,,,,,,,7,7,"6,5",7,7,,"6,8","6,4",7,,,,"6,7",7,7,7,7,,,,,,,7,,,,,,,,,,,0,7,6,7,7,,7,"6,8",7,7,7,,,7,7,"6,7","6,6",,,"6,7",7,,,,,,,,,7,"4,3","5,4",,,,,,,"4,8","6,1",,,,,,,,"6,1",7,"6,1",7,,,,,,"6,7","5,3",,,,,,,,"5,3",,,,,,0,,,,,,0,7,7,,,,7,,,,,,0,7,7,7,,,7,7,,,,,7,7,7,7,,,7,6,7,,,,"6,5","5,8",7,7,7,,"6,7","6,8",6,"6,8",,,"6,5",,,,,,0,MB,MB,,,,MB,,,,,,0
,,,,,,,,,,,,,,,,,,,,,,,,,,,,,,,,,,,,,,,,,,,,,,,,,,,,,,,,,,,,,,,,,,,,,,,,,,,,,,,,,,,,,,,,,,,,,,,,,,,,,,,,,,,,,,,,,,,,,,,,,,,,,,,,,,,,,,,,,,,,,,,,,,,,,,,,,,,,,,,,,,,,,,,,,,,,,,,,,,,,,,,,,,,,,,,,,,,,,,,,
3,armijo jerez ariadna naiala,"6,8",7,"6,8",7,"6,4","6,7",,,,,"6,7","6,8",,,,,,,,,,"6,8","5,1","6,5","4,4","6,5",,"5,6","5,3","6,5",,,,"5,9",7,"5,6",7,7,,,,,,,"6,6",,,,,,,,,,,0,7,7,7,7,,7,7,"6,2",7,7,,,"6,7",7,"5,1",7,,,"6,3","6,8",,,,,,,,,"6,8","3,7","6,1",,,,,,,"4,9","6,7",,,,,,,,"6,7","6,1",7,7,,,,,,"6,7","6,7",,,,,,,,"6,7",,,,,,0,,,,,,0,7,7,,,,7,,,,,,0,"5,1","5,5",6,,,"5,5",7,,,,,7,4,6,"5,6",,,"5,2",7,,,,,7,"5,8",7,"6,5","6,5",,"6,4","6,8",7,"5,8",,,"6,5",,,,,,0,MB,MB,,,,MB,,,,,,0
4,bahamondes poblete alexander,"6,5",7,"6,8",7,"6,4","6,7",,,,,"6,7",7,,,,,,,,,,7,"6,5",7,7,7,,"6,8",7,7,,,,7,7,7,7,7,,,,,,,7,,,,,,,,,,,0,7,7,7,7,,7,7,7,7,7,,,7,7,"6,7",7,,,"6,9",7,,,,,,,,,7,"6,6",7,,,,,,,"6,8",7,,,,,,,,7,7,"6,7",7,,,,,,"6,9",7,,,,,,,,7,,,,,,0,,,,,,0,7,7,,,,7,,,,,,0,7,7,7,,,7,7,,,,,7,7,7,7,,,7,7,7,,,,7,7,7,"6,9",7,,"6,9",7,"6,7",7,,,"6,9",,,,,,0,MB,MB,,,,MB,,,,,,0
,,,,,,,,,,,,,,,,,,,,,,,,,,,,,,,,,,,,,,,,,,,,,,,,,,,,,,,,,,,,,,,,,,,,,,,,,,,,,,,,,,,,,,,,,,,,,,,,,,,,,,,,,,,,,,,,,,,,,,,,,,,,,,,,,,,,,,,,,,,,,,,,,,,,,,,,,,,,,,,,,,,,,,,,,,,,,,,,,,,,,,,,,,,,,,,,,,,,,,,,
6,bernal labra marcela alejandra,"4,5",6,5,7,"5,1",7,,,,,"5,7",6,,,,,,,,,,6,"6,6","4,5",7,6,,6,,,,,,0,7,6,"6,3","5,3",,,,,,,"6,1",,,,,,,,,,,0,7,"6,2",7,7,,"6,5","6,7",7,"6,4",7,,,"6,8","6,6","5,1",6,,,"5,9","6,3",,,,,,,,,"6,3","5,4","6,9",,,,,,,"6,1","6,4",,,,,,,,"6,4",7,"6,4","6,4",,,,,,"6,6","4,3",,,,,,,,"4,3",,,,,,0,,,,,,0,7,7,,,,7,,,,,,0,7,7,7,,,7,7,,,,,7,7,5,7,,,"6,3",6,7,,,,"6,5","5,8",7,7,7,,"6,7","6,8","6,7","6,8",,,"6,7",,,,,,0,MB,MB,,,,MB,,,,,,0
,,,,,,,,,,,,,,,,,,,,,,,,,,,,,,,,,,,,,,,,,,,,,,,,,,,,,,,,,,,,,,,,,,,,,,,,,,,,,,,,,,,,,,,,,,,,,,,,,,,,,,,,,,,,,,,,,,,,,,,,,,,,,,,,,,,,,,,,,,,,,,,,,,,,,,,,,,,,,,,,,,,,,,,,,,,,,,,,,,,,,,,,,,,,,,,,,,,,,,,,
8,castro almonacid claudia carolina,6,"5,5","6,7","6,5",7,"6,7",,,,,"6,4",4,,,,,,,,,,4,6,"6,3","6,1","6,1",,"6,1","5,5","1,5",,,,"3,5","6,6","3,2",7,7,,,,,,,"5,9",,,,,,,,,,,0,7,4,7,7,,"6,2","6,2","6,2",7,7,,,"6,7","6,6",5,"3,6",,,5,"6,8",,,,,,,,,"6,8","3,7","6,1",,,,,,,"4,9","4,3",,,,,,,,"4,3","5,1",7,"5,1",,,,,,"5,7","6,7",,,,,,,,"6,7",,,,,,0,,,,,,0,7,4,,,,"5,5",,,,,,0,"5,1","5,5",6,,,"5,5",2,,,,,2,7,7,7,,,7,7,,,,,7,"5,3","6,6","6,5",7,,"6,3","6,8","6,8",7,,,"6,8",,,,,,0,MB,MB,,,,MB,,,,,,0
,,,,,,,,,,,,,,,,,,,,,,,,,,,,,,,,,,,,,,,,,,,,,,,,,,,,,,,,,,,,,,,,,,,,,,,,,,,,,,,,,,,,,,,,,,,,,,,,,,,,,,,,,,,,,,,,,,,,,,,,,,,,,,,,,,,,,,,,,,,,,,,,,,,,,,,,,,,,,,,,,,,,,,,,,,,,,,,,,,,,,,,,,,,,,,,,,,,,,,,,
10,chamorro palazzi randy daniel,3,4,"4,7",4,"6,4","6,7",,,,,"4,8",4,,,,,,,,,,4,"4,7","6,1","4,9","5,2",,"5,2","5,5","1,5",,,,"3,5","4,4","3,4","4,2","3,7",,,,,,,"3,9",,,,,,,,,,,0,7,7,7,7,,5,"6,6",7,"6,7",7,,,"6,9","6,1","4,3","2,8",,,"4,4","6,1",,,,,,,,,"6,1","2,7","5,2",,,,,,,"3,9","6,4",,,,,,,,"6,4","6,1",7,"1,5",,,,,,"4,8","5,5",,,,,,,,"5,5",,,,,,0,,,,,,0,6,4,,,,5,,,,,,0,"6,4",5,"5,5",,,"5,6",2,,,,,2,"5,5",5,7,,,"5,8",,,,,,0,"6,1","6,5",4,"5,5",,"5,5","6,5","6,8","6,8",,,"6,7",,,,,,0,MB,MB,,,,MB,,,,,,0
11,colmenares peña Evan,"5,5","6,8",6,7,"5,1",6,,,,,6,7,,,,,,,,,,7,"6,5","6,5","5,8",7,,"6,4",7,7,,,,7,"6,3",7,7,7,,,,,,,"6,8",,,,,,,,,,,0,7,6,7,7,"6,7",7,"6,7","6,6","6,4",7,,,"6,6",7,"6,7",7,,,"6,9",7,,,,,,,,,7,"5,8","6,1",,,,,,,"5,9","5,7",,,,,,,,"5,7",7,7,"6,5",,,,,,"6,8","5,3",,,,,,,,"5,3",,,,,,0,,,,,,0,7,7,,,,7,,,,,,0,7,7,7,,,7,7,,,,,7,7,7,7,,,7,"6,5",7,,,,"6,7","5,8",7,"6,6",7,,"6,6","6,8","6,7",7,,,"6,8",,,,,,0,MB,MB,,,,MB,,,,,,0
12,eceheverria vera jesus javier,"3,5","3,5","4,2","5,5","5,7","6,2",,,,,"4,7","4,5",,,,,,,,,,"4,5","4,4",4,"4,4",4,,"4,2","4,6","1,5",,,,3,"4,4","4,2","4,2","1,9",,,,,,,"3,6",,,,,,,,,,,0,"6,5",4,7,"6,8",,6,6,"6,2","6,7",7,,,"6,6","6,6","5,1","6,6",,,"6,1","6,1",,,,,,,,,"6,1",6,7,,,,,,,"6,5","5,8",,,,,,,,"5,8","1,5","5,7","5,7",,,,,,"4,3","2,1",,,,,,,,"2,1",,,,,,0,,,,,,0,5,4,,,,"4,5",,,,,,0,"5,1","5,5",2,,,"4,2",2,,,,,2,7,7,7,,,7,6,7,,,,"6,5","5,3","6,5","6,6","6,5",,"6,2","6,8",7,"6,7",,,"6,8",,,,,,0,MB,MB,,,,MB,,,,,,0
13,elgueta sanhueza allison aylin,"4,8","3,2","4,8","4,5","5,1","6,5",,,,,"4,8",6,,,,,,,,,,6,"4,3","5,4",5,"5,4",,5,"5,3","5,3",,,,"5,3","5,5",5,"6,2","5,6",,,,,,,"5,5",,,,,,,,,,,0,7,"4,2","5,6",6,,5,"5,5",7,"6,7",7,,,"6,9","6,6","3,5",5,,,5,"6,3",,,,,,,,,"6,3","6,4","5,4",,,,,,,"5,9","5,6",,,,,,,,"5,6","6,1",7,7,,,,,,"6,7","5,8",,,,,,,,"5,8",,,,,,0,,,,,,0,7,5,,,,6,,,,,,0,"6,2",6,"6,1",,,"6,1",7,,,,,7,"5,6",6,6,,,"5,8",7,7,,,,7,"6,1","6,2","6,7","6,7",,"6,4","6,9",7,"6,8",,,"6,9",,,,,,0,MB,MB,,,,MB,,,,,,0
14,gómez fredes marina adriana,3,3,"4,6","4,6","5,7","6,7",,,,,"4,6",4,,,,,,,,,,4,5,"3,8","4,4",3,,4,"6,1",4,,,,5,"5,5","1,8","2,4","2,8",,,,,,,"3,1",,,,,,,,,,,0,"6,3","1,3","6,2",6,,5,"4,9",2,6,7,,,5,4,4,5,,,"4,3",4,,,,,,,,,4,"4,8","5,8",,,,,,,"5,3","5,3",,,,,,,,"5,3","6,1",7,"1,5",,,,,,"4,8",7,,,,,,,,7,,,,,,0,,,,,,0,7,7,,,,7,,,,,,0,"4,5","5,5","6,1",,,"5,3",,,,,,0,"6,3",5,4,,,"5,1",,,,,,0,"3,5","6,2","5,8","6,5",,"5,5",6,7,7,,,"6,6",,,,,,0,MB,MB,,,,MB,,,,,,0
15,guerra cabello alexia catalina,3,3,2,4,"5,1","6,5",,,,,"3,9","3,5",,,,,,,,,,"3,5","6,5","4,7","5,9","6,5",,"5,9",,"1,5",,,,"1,5",7,"5,2","4,2",4,,,,,,,"5,1",,,,,,,,,,,0,"6,6","5,1",7,"6,8",,"6,2","6,3",7,"6,1",,,,"6,5","6,3","5,7","6,2",,,6,"6,3",,,,,,,,,"6,3","4,8",7,,,,,,,"5,9","5,4",,,,,,,,"5,4",7,7,"6,5",,,,,,"6,8","6,3",,,,,,,,"6,3",,,,,,0,,,,,,0,6,"6,3",,,,"6,1",,,,,,0,6,7,7,,,"6,6",3,,,,,3,"4,6",,7,,,"5,8",,7,,,,7,"5,3",7,6,6,,6,"6,8","6,5",7,,,"6,7",,,,,,0,MB,MB,,,,MB,,,,,,0
16,herrera alfaro stefany elena,4,3,4,"4,5","5,1","6,5",,,,,"4,5",4,,,,,,,,,,4,"1,5","4,5",5,5,,4,,6,,,,6,"5,1","4,8","6,1","5,6",,,,,,,"5,4",,,,,,,,,,,0,"6,7","2,5","4,3",6,,5,"4,9",7,"6,4",7,,,"6,8","6,6","3,5","5,6",,,"5,2","6,3",,,,,,,,,"6,3","3,6","6,8",,,,,,,"5,2","5,1",,,,,,,,"5,1","6,1",7,"5,9",,,,,,"6,3",6,,,,,,,,6,,,,,,0,,,,,,0,7,"5,9",,,,"6,4",,,,,,0,"4,5","5,5","6,1",,,"5,3",7,,,,,7,6,6,7,,,"6,3",7,7,,,,7,"4,4","6,2",6,6,,"5,6","6,5","6,7",7,,,"6,7",,,,,,0,MB,MB,,,,MB,,,,,,0
,,,,,,,,,,,,,,,,,,,,,,,,,,,,,,,,,,,,,,,,,,,,,,,,,,,,,,,,,,,,,,,,,,,,,,,,,,,,,,,,,,,,,,,,,,,,,,,,,,,,,,,,,,,,,,,,,,,,,,,,,,,,,,,,,,,,,,,,,,,,,,,,,,,,,,,,,,,,,,,,,,,,,,,,,,,,,,,,,,,,,,,,,,,,,,,,,,,,,,,,
18,martínez alvarado césar antonio marcelo,"3,3",3,2,3,"6,4","6,7",,,,,4,"5,5",,,,,,,,,,"5,5",5,"4,2","4,2","4,5",,"4,4","5,5","5,5",,,,"5,5","5,5","4,9","3,7",,,,,,,,"4,7",,,,,,,,,,,0,"6,8",7,7,"6,6",,"5,6","6,6",7,7,7,,,7,7,5,"6,6",,,"6,2","6,8",,,,,,,,,"6,8",3,"5,3",,,,,,,"4,1","6,7",,,,,,,,"6,7","6,1","6,7","2,3",,,,,,5,"3,3",,,,,,,,"3,3",,,,,,0,,,,,,0,"5,5",5,,,,"5,2",,,,,,0,"5,1","5,5",6,,,"5,5",7,,,,,7,7,7,7,,,7,"6,5",,,,,"6,5","5,8","5,2",2,6,,"4,7","6,1",2,4,,,4,,,,,,0,MB,MB,,,,MB,,,,,,0
19,núñez montolivo agustín javier,4,"4,1","4,7",4,"5,1",6,,,,,"4,6","5,1",,,,,,,,,,"5,1",6,"5,4","5,4","5,6",,"5,6","6,8","4,5",,,,"5,6",4,5,"4,5",7,,,,,,,"5,1",,,,,,,,,,,0,7,7,7,7,,,7,7,7,7,,,7,"6,1","4,3","1,8",,,4,"6,8",,,,,,,,,"6,8","6,4",7,,,,,,,"6,7","6,7",,,,,,,,"6,7","5,1",7,"1,5",,,,,,"4,5","6,7",,,,,,,,"6,7",,,,,,0,,,,,,0,"5,5",4,,,,"4,7",,,,,,0,"6,4",6,"5,5",,,"5,9",7,,,,,7,7,7,7,,,7,"6,5",7,,,,"6,7","6,1",5,2,"5,5",,"4,6","6,7",2,4,,,"4,2",,,,,,0,MB,MB,,,,MB,,,,,,0
20,olave ferbol crisny catalina,3,3,4,3,"6,4",6,,,,,"4,2","5,5",,,,,,,,,,"5,5","5,4","6,5","5,9",6,,"5,9","6,1","4,7",,,,"5,4","5,1","5,9","4,1","4,7",,,,,,,"4,9",,,,,,,,,,,0,"6,1","2,8","5,8",7,,"5,8","5,5",,6,7,,,"6,5",4,4,4,,,4,4,,,,,,,,,4,"4,8","5,4",,,,,,,"5,1","5,6",,,,,,,,"5,6","1,5",7,"4,8",,,,,,"4,4","6,5",,,,,,,,"6,5",,,,,,0,,,,,,0,"5,2",7,,,,"6,1",,,,,,0,"4,5","5,5","6,1",,,"5,3",7,,,,,7,"4,4",5,"6,3",,,"5,2",,7,,,,7,"3,5","5,4",6,"6,5",,"5,3",6,"6,8",6,,,"6,2",,,,,,0,MB,MB,,,,MB,,,,,,0
,,,,,,,,,,,,,,,,,,,,,,,,,,,,,,,,,,,,,,,,,,,,,,,,,,,,,,,,,,,,,,,,,,,,,,,,,,,,,,,,,,,,,,,,,,,,,,,,,,,,,,,,,,,,,,,,,,,,,,,,,,,,,,,,,,,,,,,,,,,,,,,,,,,,,,,,,,,,,,,,,,,,,,,,,,,,,,,,,,,,,,,,,,,,,,,,,,,,,,,,
22,orrego chacana antonella daé,7,"6,6","6,9",7,"6,4",7,,,,,"6,8",7,,,,,,,,,,7,"6,5","6,8",7,7,,"6,8","6,6",7,,,,"6,8",7,7,7,7,,,,,,,7,,,,,,,,,,,0,7,7,7,7,,7,7,"6,6","6,4",7,,,"6,6",7,"6,7",7,,,"6,9",7,,,,,,,,,7,"5,8","6,2",,,,,,,6,"5,7",,,,,,,,"5,7",7,7,7,,,,,,7,7,,,,,,,,7,,,,,,0,,,,,,0,7,7,,,,7,,,,,,0,7,7,7,,,7,7,,,,,7,7,7,7,,,7,"6,5",7,,,,"6,7","5,8",7,"6,6",7,,"6,6",7,7,"6,7",,,"6,9",,,,,,0,MB,MB,,,,MB,,,,,,0
23,ortiz laferte amanda paola,"4,3","4,5","5,7",7,"5,1","6,7",,,,,"5,5","5,4",,,,,,,,,,"5,4","6,5","4,5","5,4","6,5",,"5,7","5,5",6,,,,"5,7",7,"5,5","6,2","5,5",,,,,,,6,,,,,,,,,,,0,"6,8","5,2",7,7,,7,"6,6",7,"6,1",7,,,"6,7","6,6","5,1",6,,,"5,9","6,3",,,,,,,,,"6,3","5,1","6,9",,,,,,,6,"5,4",,,,,,,,"5,4",7,7,7,,,,,,7,4,,,,,,,,4,,,,,,0,,,,,,0,7,7,,,,7,,,,,,0,7,7,7,,,7,7,,,,,7,"6,3",6,7,,,"6,4",6,7,,,,"6,5","5,8",7,7,7,,"6,7",7,"6,7",7,,,"6,9",,,,,,0,MB,MB,,,,MB,,,,,,0
,,,,,,,,,,,,,,,,,,,,,,,,,,,,,,,,,,,,,,,,,,,,,,,,,,,,,,,,,,,,,,,,,,,,,,,,,,,,,,,,,,,,,,,,,,,,,,,,,,,,,,,,,,,,,,,,,,,,,,,,,,,,,,,,,,,,,,,,,,,,,,,,,,,,,,,,,,,,,,,,,,,,,,,,,,,,,,,,,,,,,,,,,,,,,,,,,,,,,,,,
,,,,,,,,,,,,,,,,,,,,,,,,,,,,,,,,,,,,,,,,,,,,,,,,,,,,,,,,,,,,,,,,,,,,,,,,,,,,,,,,,,,,,,,,,,,,,,,,,,,,,,,,,,,,,,,,,,,,,,,,,,,,,,,,,,,,,,,,,,,,,,,,,,,,,,,,,,,,,,,,,,,,,,,,,,,,,,,,,,,,,,,,,,,,,,,,,,,,,,,,
,,,,,,,,,,,,,,,,,,,,,,,,,,,,,,,,,,,,,,,,,,,,,,,,,,,,,,,,,,,,,,,,,,,,,,,,,,,,,,,,,,,,,,,,,,,,,,,,,,,,,,,,,,,,,,,,,,,,,,,,,,,,,,,,,,,,,,,,,,,,,,,,,,,,,,,,,,,,,,,,,,,,,,,,,,,,,,,,,,,,,,,,,,,,,,,,,,,,,,,,
27,sanhueza aravena sayen sullay,6,5,5,"5,5","6,4","6,5",,,,,"5,7","5,3",,,,,,,,,,"5,3","5,6","6,3","5,6","6,5",,6,"6,4",6,,,,"6,2",6,"6,3","5,2",7,,,,,,,"6,1",,,,,,,,,,,0,"6,8",7,"6,8","6,8",,"6,6","6,8",7,2,7,,,"5,3","6,6","3,5","6,4",,,"5,5","6,3",,,,,,,,,"6,3","6,4",4,,,,,,,"5,2","6,4",,,,,,,,"6,4","6,1",7,7,,,,,,"6,7","5,5",,,,,,,,"5,5",,,,,,0,,,,,,0,"6,5",5,,,,"5,7",,,,,,0,"6,2",6,"6,1",,,"6,1",7,,,,,7,"5,5",6,"6,3",,,"5,9",6,7,,,,"6,5","6,1","6,2","6,7","6,7",,"6,4","6,8","6,8","5,9",,,"6,5",,,,,,0,MB,MB,,,,MB,,,,,,0
28,uribe melipillán martina ignacia,4,"5,8","5,3","4,5","6,4",6,,,,,"5,3","4,4",,,,,,,,,,"4,4","4,2",4,"3,5","4,5",,4,"6,1","6,3",,,,"6,2",4,"4,5","5,4","5,5",,,,,,,"4,8",,,,,,,,,,,0,"6,5",7,6,6,,6,"6,3","6,2",7,6,,,"6,4","6,6","5,3","5,4",,,"5,7","6,1",,,,,,,,,"6,1","4,9","6,4",,,,,,,"5,6","4,5",,,,,,,,"4,5","1,5","6,7","4,9",,,,,,"4,3",4,,,,,,,,4,,,,,,0,,,,,,0,"4,5","5,5",,,,5,,,,,,0,"5,8",7,"6,1",,,"6,3",3,,,,,3,"5,8",5,4,,,"4,9",,7,,,,7,"6,7",7,"6,3","6,4",,"6,6","6,8",7,"5,8",,,"6,5",,,,,,0,MB,MB,,,,MB,,,,,,0
,,,,,,,,,,,,,,,,,,,,,,,,,,,,,,,,,,,,,,,,,,,,,,,,,,,,,,,,,,,,,,,,,,,,,,,,,,,,,,,,,,,,,,,,,,,,,,,,,,,,,,,,,,,,,,,,,,,,,,,,,,,,,,,,,,,,,,,,,,,,,,,,,,,,,,,,,,,,,,,,,,,,,,,,,,,,,,,,,,,,,,,,,,,,,,,,,,,,,,,,
30,zamora baquedano millaray emilia arllets,5,"5,7","5,7","6,2","4,4","6,7",,,,,"5,6",4,,,,,,,,,,4,5,"5,2","5,2","6,5",,"5,4","6,1","5,3",,,,"5,7","6,6","4,6","4,6",5,,,,,,,"5,2",,,,,,,,,,,0,"6,8",5,7,7,,"6,2","6,4",7,"6,1",6,,,"6,3","6,3","5,7","6,8",,,"6,2","6,3",,,,,,,,,"6,3","4,3","5,7",,,,,,,5,"6,2",,,,,,,,"6,2",7,7,"6,5",,,,,,"6,8",5,,,,,,,,5,,,,,,0,,,,,,0,7,7,,,,7,,,,,,0,6,7,7,,,"6,6",,,,,,0,"5,4",7,7,,,"6,4",6,7,,,,"6,5","5,3","6,6",6,6,,"5,9","6,5","6,5","6,7",,,"6,5",,,,,,0,MB,MB,,,,MB,,,,,,0
31,marambio marques ignacio tomás,"6,8",6,6,"5,5","6,4",6,,,,,"6,1",7,,,,,,,,,,7,"6,7","6,8",7,"6,8",,"6,8",7,,,,,7,"6,6","6,8",7,"6,8",,,,,,,"6,8",,,,,,,,,,,0,7,7,7,7,,7,7,7,7,,,,7,"6,6",5,"5,6",,,"5,7",7,,,,,,,,,7,"6,9","5,1",,,,,,,6,6,,,,,,,,6,"6,1","6,5","4,6",,,,,,"5,7","4,3",,,,,,,,"4,3",,,,,,0,,,,,,0,"5,8",7,,,,"6,4",,,,,,0,"5,1","5,5",6,,,"5,5",7,,,,,7,,7,7,,,7,,,,,,0,"5,7","5,7","5,7","5,7",,"5,7","6,5","6,8",7,,,"6,7",,,,,,0,MB,MB,,,,MB,,,,,,0
32,martínez barahona valentina belén,,,,,"5,5",5,,,,,"5,2","3,8",,,,,,,,,,"3,8",,"6,1",7,,,"6,5",,,,,,0,,,5,5,,,,,,,5,,,,,,,,,,,0,,,7,6,,"6,5","6,5",7,6,6,,,"6,3",,,,,,0,,,,,,,,,,0,"1,5","1,5",,,,,,,"1,5","5,6",,,,,,,,"5,6","1,5","1,5","1,5",,,,,,"1,5",,,,,,,,,0,,,,,,0,,,,,,0,,,,,,0,,,,,,0,,,,,,0,,,,,,0,"6,1",,,,,"6,1",,,,,,0,"6,5","6,5","6,5","6,5",,"6,5",,,,,,0,,,,,,0,MB,MB,,,,MB,,,,,,0
33,carrillo falcon shantal de los angeles,,,,,,,,,,,0,"6,3",,,,,,,,,,"6,3",,,,,,0,,5,,,,5,,,,,,,,,,,0,,,,,,,,,,,0,,,,,,,0,7,"6,7",6,,,"6,5",,,,,,0,"6,5",,,,,,,,,"6,5",,,,,,,,,0,6,,,,,,,,6,,,,,,,,,0,"5,3",,,,,,,,"5,3",,,,,,0,,,,,,0,,,,,,0,,,,,,0,,,,,,0,,,,,,0,,,,,,0,2,,,,,2,,,,,,0,7,"6,7","5,8",,,"6,5",,,,,,0,,,,,,0,,,,,,0
34,orquera lopez luciano valentin,"6,8",,,,,,,,,,"6,8","3,5",,,,,,,,,,"3,5","3,9",,,,,"3,9","5,1",,,,,"5,1","2,8",,,,,,,,,,"2,8",,,,,,,,,,,0,,,,,,,0,"6,2","6,7",,,,"6,4","3,6",,,,,"3,6","5,5",,,,,,,,,"5,5","1,9",,,,,,,,"1,9","5,8",,,,,,,,"5,8",6,"6,6","6,4",,,,,,"6,3",,,,,,,,,0,,,,,,0,,,,,,0,"2,4",,,,,"2,4",,,,,,0,"6,4",,,,,"6,4",,,,,,0,"5,9",,,,,"5,9",2,,,,,2,,,,,,0,7,"6,4",5,,,"6,1",,,,,,0,,,,,,0,,,,,,0
35,toro soto fernando alonso,5,5,5,5,5,,,,,,5,"6,7",,,,,,,,,,"6,7","6,6",,,,,"6,6",,"6,1",,,,"6,1",5,,,,,,,,,,5,,,,,,,,,,,0,"5,1",,,,,,"5,1",,7,,,,7,"5,8",,,,,"5,8",,,,,,,,,,0,"5,8",,,,,,,,"5,8",,,,,,,,,0,6,,,,,,,,6,"6,3",,,,,,,,"6,3",,,,,,0,,,,,,0,"6,7",,,,,"6,7",,,,,,0,"6,4",,,,,"6,4",,,,,,0,"5,6",,,,,"5,6",,,,,,0,,,,,,0,,,,,,0,,,,,,0,,,,,,0,,,,,,0