N°,NOMBRE,LENGUAJE,,,,,,,,,,,LENGUAJE,,,,,,,,,,,INGLÉS,,,,,,INGLÉS,,,,,,MATEMÁTICA,,,,,,,,,,,MATEMÁTICA,,,,,,,,,,,CS. CIUDADANÍA,,,,,,CS. CIUDADANÍA,,,,,,,ED. CIUDADANA,,,,,,ED. CIUDADANA,,,,,,FILOSOFÍA,,,,,,FILOSOFÍA,,,,,,ELECTIVO,,,,,,ELECTIVO,,,,,,A. CUIDADOS BÁSICOS,,,,,,,,,,,A. CUIDADOS BÁSICOS,,,,,,,,,,,C. de PARÁMETROS,,,,,,,,,,,C. de PARÁMETROS,,,,,,,,,,,PROMOCIÓN y PREV.,,,,,,,,,,,PROMOCIÓN y PREV.,,,,,,,,,,,SIST. de REGISTRO,,,,,,,,,,,SIST. de REGISTRO,,,,,,,,,,,HIGIENE Y BIOSEGURIDAD,,,,,,,,,,,HIGIENE Y BIOSEGURIDAD,,,,,,,,,,,ANOTOMÍA Y FISIOLOGÍA,,,,,,,,,,,ANOTOMÍA Y FISIOLOGÍA,,,,,,,,,,,FARMACOLOGÍA,,,,,,,,,,,FARMACOLOGÍA,,,,,,,,,,
,,N1,N2,N3,N4,N5,N6,N7,N8,N9,N10,PROMEDIO,N1,N2,N3,N4,N5,N6,N7,N8,N9,N10,PROMEDIO,N1,N2,N3,N4,N5,PROMEDIO,N1,N2,N3,N4,N5,PROMEDIO,N1,N2,N3,N4,N5,N6,N7,N8,N9,N10,PROMEDIO,N1,N2,N3,N4,N5,N6,N7,N8,N9,N10,PROMEDIO,N1,N2,N3,N4,N5,PROMEDIO,N1,N2,N3,N4,N5,N6,PROMEDIO,N1,N2,N3,N4,N5,PROMEDIO,N1,N2,N3,N4,N5,PROMEDIO,N1,N2,N3,N4,N5,PROMEDIO,N1,N2,N3,N4,N5,PROMEDIO,N1,N2,N3,N4,N5,PROMEDIO,N1,N2,N3,N4,N5,PROMEDIO,N1,N2,N3,N4,N5,N6,N7,N8,N9,N10,PROMEDIO,N1,N2,N3,N4,N5,N6,N7,N8,N9,N10,PROMEDIO,N1,N2,N3,N4,N5,N6,N7,N8,N9,N10,PROMEDIO,N1,N2,N3,N4,N5,N6,N7,N8,N9,N10,PROMEDIO,N1,N2,N3,N4,N5,N6,N7,N8,N9,N10,PROMEDIO,N1,N2,N3,N4,N5,N6,N7,N8,N9,N10,PROMEDIO,N1,N2,N3,N4,N5,N6,N7,N8,N9,N10,PROMEDIO,N1,N2,N3,N4,N5,N6,N7,N8,N9,N10,PROMEDIO,N1,N2,N3,N4,N5,N6,N7,N8,N9,N10,PROMEDIO,N1,N2,N3,N4,N5,N6,N7,N8,N9,N10,PROMEDIO,N1,N2,N3,N4,N5,N6,N7,N8,N9,N10,PROMEDIO,N1,N2,N3,N4,N5,N6,N7,N8,N9,N10,PROMEDIO,N1,N2,N3,N4,N5,N6,N7,N8,N9,N10,PROMEDIO,N1,N2,N3,N4,N5,N6,N7,N8,N9,N10,PROMEDIO
,,,,,,,,,,,,,,,,,,,,,,,,,,,,,,,,,,,,,,,,,,,,,,,,,,,,,,,,,,,,,,,,,,,,,,,,,,,,,,,,,,,,,,,,,,,,,,,,,,,,,,,,,,,,,,,,,,,,,,,,,,,,,,,,,,,,,,,,,,,,,,,,,,,,,,,,,,,,,,,,,,,,,,,,,,,,,,,,,,,,,,,,,,,,,,,,,,,,,,,,,,,,,,,,,,,,,,,,,,,,,,,,,,,,,,,,,,,,,,,,,,,,,,,,,,,,,,,,,,,,
2,caicea hurtado nallely sherlyn,"6,7",7,"6,4","6,5","1,5","5,3",,,,,"5,5","5,3","3,6",,,,,,,,,"4,4","6,9","6,9","6,5",,,"6,7",,,,,,0,5,"5,1","3,6",,,,,,,,"4,5",,,,,,,,,,,0,4,"6,7","4,7","4,3",,"4,9","5,9",,,,,,"5,9","6,1",7,"6,7","3,2",,"5,7",,,,,,0,"6,8",7,7,,,"6,9",,,,,,0,7,6,7,,,"6,6",,,,,,0,7,"5,7",7,"4,7","6,9",,,,,,"6,2",7,,,,,,,,,,7,"2,6",6,"2,7","5,2",,,,,,,"4,1","6,6","4,1",,,,,,,,,"5,3","5,2","6,7",7,"5,2",,,,,,,6,7,7,,,,,,,,,7,7,"6,5",6,,,,,,,,"6,5",,,,,,,,,,,0,"4,8","5,7","3,2","6,7","2,9",,,,,,"4,6","6,5",,,,,,,,,,"6,5","3,8","4,7","6,5",,,,,,,,5,,,,,,,,,,,0,"2,7",4,"5,5",,,,,,,,4,"2,2","6,3",,,,,,,,,"4,2"
3,camargo figueroa edicmar dayanna,"6,6",7,"6,1",7,7,"6,2",,,,,"6,6",7,"6,9",,,,,,,,,"6,9",7,7,7,,,7,,,,,,0,7,"6,1",7,,,,,,,,"6,7",,,,,,,,,,,0,"6,3",7,"3,3",7,,"5,9",7,,,,,,7,7,7,7,7,,7,,,,,,0,7,7,7,,,7,,,,,,0,7,7,7,,,7,,,,,,0,7,"6,8",7,"6,4",7,,,,,,"6,8","6,7","6,7",7,,,,,,,,"6,8",7,7,"5,8",7,,,,,,,"6,7",7,7,,,,,,,,,7,"6,2","6,8",7,6,,,,,,,"6,5",7,7,,,,,,,,,7,7,"6,8","6,5",,,,,,,,"6,7",,,,,,,,,,,0,"5,4","6,6","6,2","6,9","5,9",,,,,,"6,2","6,8","5,1",,,,,,,,,"5,9","5,6","5,5","6,8",,,,,,,,"5,9",,,,,,,,,,,0,"5,6","6,8","6,8",,,,,,,,"6,4",7,"6,5",,,,,,,,,"6,7"
4,cayupe vivanco vicente andres,7,7,"6,3",6,"5,8","5,6",,,,,"6,2","6,7","6,6",,,,,,,,,"6,6","6,9","6,8","6,8",,,"6,8",,,,,,0,4,"5,7","5,3",,,,,,,,5,,,,,,,,,,,0,"4,7","6,5","6,2","6,1",,"5,8","5,9",,,,,,"5,9","6,8",7,7,"5,5",,"6,5",,,,,,0,"6,6",7,7,,,"6,8",,,,,,0,7,7,7,,,7,,,,,,0,7,"6,8",7,"5,2",7,,,,,,"6,6","6,4","6,7",7,,,,,,,,"6,7",7,7,4,7,,,,,,,"6,2","6,6","5,9",,,,,,,,,"6,2","5,9","6,2",7,"5,3",,,,,,,"6,1",7,7,,,,,,,,,7,"6,9","6,7",6,,,,,,,,"6,5",,,,,,,,,,,0,"5,5","6,3",6,7,"4,3",,,,,,"5,8",7,"6,4",,,,,,,,,"6,7","6,4",6,"6,8",,,,,,,,"6,4",,,,,,,,,,,0,"4,3",7,"6,4",,,,,,,,"5,9","5,7","6,5",,,,,,,,,"6,1"
5,concha villanueva ander,"6,2",7,"6,2",7,"6,7","5,6",,,,,"6,4","6,7","5,3",,,,,,,,,6,7,7,7,,,7,,,,,,0,"6,8",7,7,,,,,,,,"6,9",,,,,,,,,,,0,"6,3",7,5,7,,"6,3",7,,,,,,7,7,7,7,"6,6",,"6,9",,,,,,0,"6,5",7,7,,,"6,8",,,,,,0,"6,7",6,7,,,"6,5",,,,,,0,7,"6,5",7,"5,6",7,,,,,,"6,6","6,4","6,7",7,,,,,,,,"6,7",7,"6,7","5,8",7,,,,,,,"6,6","6,8",7,,,,,,,,,"6,9","6,7","6,8",7,"5,4",,,,,,,"6,4",7,7,,,,,,,,,7,"6,4","6,7","6,8",,,,,,,,"6,6",,,,,,,,,,,0,"4,5","6,6","5,7","6,9","5,3",,,,,,"5,8","6,8","4,4",,,,,,,,,"5,6","6,1","6,2","6,5",,,,,,,,"6,2",,,,,,,,,,,0,"6,5","6,8","6,6",,,,,,,,"6,6",7,"6,5",,,,,,,,,"6,7"
6,darius maria saindiana,"6,2",7,"5,8",7,"3,1","5,2",,,,,"5,7","5,6",4,,,,,,,,,"4,8","6,8","6,8",7,,,"6,8",,,,,,0,"5,8","5,3","5,5",,,,,,,,"5,5",,,,,,,,,,,0,"5,3",6,4,"5,3",,"5,1",7,,,,,,7,"6,1",7,4,4,,"5,2",,,,,,0,"6,5","6,7","6,5",,,"6,5",,,,,,0,"6,7",6,7,,,"6,5",,,,,,0,4,5,7,"5,1",7,,,,,,"5,6",7,"6,4",7,,,,,,,,"6,8","4,3",5,"3,7","6,8",,,,,,,"4,9","6,4",,,,,,,,,,"6,4",5,"6,7",7,"5,6",,,,,,,6,7,7,,,,,,,,,7,"6,6","6,5","6,5",,,,,,,,"6,5",,,,,,,,,,,0,"3,1","6,6","4,1","6,4","4,7",,,,,,"4,9",6,4,,,,,,,,,5,"4,5","5,5","6,5",,,,,,,,"5,5",,,,,,,,,,,0,"6,1",6,6,,,,,,,,6,6,7,,,,,,,,,"6,5"
7,estay pérez kevin eduardo,"6,3",5,"3,8","5,6",5,"5,2",,,,,"5,1","4,3",4,,,,,,,,,"4,1","6,7","6,1","6,5",,,"6,4",,,,,,0,2,,,,,,,,,,2,,,,,,,,,,,0,"6,7",7,"5,3","5,1",,6,,,,,,,0,"6,4","6,6",7,"5,8",,"6,4",,,,,,0,5,,,,,5,,,,,,0,7,"6,5","4,3",,,"5,9",,,,,,0,2,"4,6","4,1",4,6,,,,,,"4,1","6,4","6,4",,,,,,,,,"6,4","4,9",5,"4,6","6,8",,,,,,,"5,3","6,3","3,9",,,,,,,,,"5,1","6,2",7,7,"3,4",,,,,,,"5,9",7,7,,,,,,,,,7,"6,4","6,5",6,,,,,,,,"6,3",,,,,,,,,,,0,"3,6","6,3","5,7","6,4","5,1",,,,,,"5,4","5,1","2,8",,,,,,,,,"3,9","3,3","4,8",4,,,,,,,,4,,,,,,,,,,,0,"3,1","4,5","5,3",,,,,,,,"4,3",4,6,,,,,,,,,5
8,gallardo ruz joaquín ignacio,"2,3","1,1","2,1",2,"3,1","3,6",,,,,"2,3","2,9","2,1",,,,,,,,,"2,5","6,3","6,5",6,,,"6,2",,,,,,0,"3,5","3,7",4,,,,,,,,"3,7",,,,,,,,,,,0,"4,7",7,"3,8","3,2",,"4,6","5,9",,,,,,"5,9",7,7,6,"3,5",,"5,8",,,,,,0,"6,4",7,"5,8",,,"6,4",,,,,,0,7,7,7,,,7,,,,,,0,"5,7","5,1",7,"3,7","6,7",,,,,,"5,6","6,4","6,7",7,,,,,,,,"6,7","4,2",6,"3,6",6,,,,,,,"4,9","6,4","4,2",,,,,,,,,"5,3","5,5","6,7",7,"4,6",,,,,,,"5,9",7,7,,,,,,,,,7,"6,6","6,5",6,,,,,,,,"6,3",,,,,,,,,,,0,2,"6,3","3,2","6,7","3,6",,,,,,"4,3","6,5","2,5",,,,,,,,,"4,5","3,7","3,4",2,,,,,,,,3,,,,,,,,,,,0,2,2,"3,1",,,,,,,,"2,3",4,"5,8",,,,,,,,,"4,9"
9,guerra muñoz sara denise,7,7,6,"6,6","6,3","5,7",,,,,"6,4","5,8","6,2",,,,,,,,,6,"6,9","6,8","6,5",,,"6,7",,,,,,0,"6,6","4,1","4,1",,,,,,,,"4,9",,,,,,,,,,,0,"4,7","6,5","5,6","5,4",,"5,5","5,9",,,,,,"5,9","6,8",7,"6,7","4,3",,"6,2",,,,,,0,"6,6",7,6,,,"6,5",,,,,,0,"6,8","6,6",7,,,"6,8",,,,,,0,"6,1","4,5",7,"5,1","6,7",,,,,,"5,8","6,4","6,4",7,,,,,,,,"6,6","5,4",7,"3,7",7,,,,,,,"5,7","6,8","4,9",,,,,,,,,"5,8","4,6","6,2",7,"5,3",,,,,,,"5,7",7,"6,9",,,,,,,,,"6,9",7,7,7,,,,,,,,7,,,,,,,,,,,0,"5,5","6,3","5,6","6,7","5,2",,,,,,"5,8","6,8","4,3",,,,,,,,,"5,5","5,7","5,5","6,8",,,,,,,,6,,,,,,,,,,,0,4,"6,6","5,3",,,,,,,,"5,3",4,"5,8",,,,,,,,,"4,9"
10,hernández olivares karla antonia,7,7,7,5,"6,9","6,7",,,,,"6,6",7,7,,,,,,,,,7,"6,6","6,6","6,5",,,"6,5",,,,,,0,"5,5","3,1","6,5",,,,,,,,5,,,,,,,,,,,0,"4,5",7,"6,1","6,4",,6,,,,,,,0,7,6,7,"5,5",,"6,3",,,,,,0,7,"6,6","6,8",,,"6,8",,,,,,0,7,"6,6",7,,,"6,8",,,,,,0,7,7,7,"5,5","6,5",,,,,,"6,6","6,7",7,7,,,,,,,,"6,9",7,7,,7,,,,,,,7,"6,6","5,6",,,,,,,,,"6,1","6,5","6,2",7,"6,9",,,,,,,"6,6",7,"6,8",,,,,,,,,"6,9",7,7,"6,8",,,,,,,,"6,9",,,,,,,,,,,0,"5,7","6,3",6,"6,3","4,9",,,,,,"5,8",,"6,1",,,,,,,,,"6,1","6,7","5,8","6,5",,,,,,,,"6,3",,,,,,,,,,,0,"6,3","5,8","6,2",,,,,,,,"6,1","5,5",7,,,,,,,,,"6,2"
11,hevia vera sofía fernanda,3,7,"4,7","1,5","4,6","2,8",,,,,"3,9","5,3","2,1",,,,,,,,,"3,7",7,"6,9","6,8",,,"6,9",,,,,,0,4,,"2,5",,,,,,,,"3,2",,,,,,,,,,,0,"4,5",7,"5,4",6,,"5,7","5,9",,,,,,"5,9","6,8","6,6","6,7","5,1",,"6,3",,,,,,0,"6,6",7,7,,,"6,8",,,,,,0,6,"6,5",7,,,"6,5",,,,,,0,6,6,7,"5,6","6,9",,,,,,"6,3","6,2","6,4",7,,,,,,,,"6,5","6,1","6,5","4,8","6,5",,,,,,,"5,9","6,4",5,,,,,,,,,"5,7","6,5","6,2",7,"4,1",,,,,,,"5,9",7,7,,,,,,,,,7,"6,7","6,5",6,,,,,,,,"6,4",,,,,,,,,,,0,"4,2","5,9","5,6","6,7","4,6",,,,,,"5,4","6,3","5,8",,,,,,,,,6,7,"5,6","6,5",,,,,,,,"6,3",,,,,,,,,,,0,"3,7","6,4","6,2",,,,,,,,"5,4","5,7",7,,,,,,,,,"6,3"
12,irarrázabal carrillo da-ívis cristián manuel,"2,8",6,"5,1","1,1","4,5","5,7",,,,,"4,2","1,8","1,6",,,,,,,,,"1,7","6,3","3,8",5,,,5,,,,,,0,2,"1,9",,,,,,,,,"1,9",,,,,,,,,,,0,"2,7",4,"2,3","5,5",,"3,6","4,8",,,,,,"4,8","5,8",7,6,"6,8",,"6,4",,,,,,0,2,"4,5","5,8",,,"4,1",,,,,,0,7,"6,5",5,,,"6,1",,,,,,0,2,"6,7",7,"4,4","4,8",,,,,,"4,9","5,6","5,9",,,,,,,,,"5,7",4,2,"3,9",2,,,,,,,"2,9","6,6","2,4",,,,,,,,,"4,5",6,2,5,2,,,,,,,"3,7",7,"5,5",,,,,,,,,"6,2",7,7,4,,,,,,,,6,,,,,,,,,,,0,"2,5","5,7","2,6","5,3",4,,,,,,4,"5,8","3,1",,,,,,,,,"4,4","5,4",5,2,,,,,,,,"4,1",,,,,,,,,,,0,"3,4",2,"6,4",,,,,,,,"3,9","2,2","5,4",,,,,,,,,"3,8"
13,laferte zúñiga catalina belén,"6,7",7,"6,1",7,"5,3","6,4",,,,,"6,4","4,8","5,3",,,,,,,,,5,7,7,7,,,7,,,,,,0,"6,5","5,3","6,8",,,,,,,,"6,2",,,,,,,,,,,0,"5,7","6,3","3,6",4,,"4,9","5,8",,,,,,"5,8",7,7,7,"5,5",,"6,6",,,,,,0,"6,4","6,7",7,,,"6,7",,,,,,0,"5,7","6,5",6,,,6,,,,,,0,7,6,7,5,7,,,,,,"6,4","6,7",7,,,,,,,,,"6,8","6,1",7,"3,6","6,9",,,,,,,"5,9",7,,,,,,,,,,7,7,"6,8",7,"4,4",,,,,,,"6,3",7,7,,,,,,,,,7,7,7,6,,,,,,,,"6,6",,,,,,,,,,,0,"4,5","5,7","5,6","6,1","4,9",,,,,,"5,3",7,"4,7",,,,,,,,,"5,8","4,9","5,7","6,8",,,,,,,,"5,8",,,,,,,,,,,0,"5,1","6,6","5,3",,,,,,,,"5,6",4,"6,3",,,,,,,,,"5,1"
14,lizana molina martina antonella,"5,2",7,"6,6",7,"6,4","5,8",,,,,"6,3",6,"6,5",,,,,,,,,"6,2",7,7,7,,,7,,,,,,0,7,"4,3","4,7",,,,,,,,"5,3",,,,,,,,,,,0,7,7,"4,3",7,,"6,3",7,,,,,,7,7,7,6,"5,5",,"6,3",,,,,,0,"6,8",7,"6,6",,,"6,8",,,,,,0,7,7,7,,,7,,,,,,0,7,"6,7",7,"6,5",7,,,,,,"6,8","6,4",7,,,,,,,,,"6,7","5,8",7,"4,7",7,,,,,,,"6,1",7,"5,8",,,,,,,,,"6,4","5,5","6,7",7,"4,9",,,,,,,6,7,7,,,,,,,,,7,7,"6,8",6,,,,,,,,"6,6",,,,,,,,,,,0,4,"5,7","5,3","6,1","5,2",,,,,,"5,2","6,8","5,3",,,,,,,,,6,"6,5",7,"6,8",,,,,,,,"6,7",,,,,,,,,,,0,5,"5,3","6,4",,,,,,,,"5,5","6,9",7,,,,,,,,,"6,9"
15,oyanedel paredes belén antonella,7,7,"5,4","5,8","5,6","5,8",,,,,"6,1","6,6","6,7",,,,,,,,,"6,6","6,8","6,6","6,8",,,"6,7",,,,,,0,4,4,"3,1",,,,,,,,"3,7",,,,,,,,,,,0,"4,4","6,5","6,4","6,1",,"5,8",,,,,,,0,"6,8","5,8","6,7",4,,"5,8",,,,,,0,"6,6",6,7,,,"6,5",,,,,,0,"6,6","6,6",7,,,"6,7",,,,,,0,"6,3","5,1",7,4,"6,5",,,,,,"5,7","6,4","6,4",7,,,,,,,,"6,6","5,9","6,8","4,7",7,,,,,,,"6,1",6,"5,3",,,,,,,,,"5,6","4,6","6,2",7,"4,9",,,,,,,"5,6",7,7,,,,,,,,,7,7,"6,5",6,,,,,,,,"6,5",,,,,,,,,,,0,"5,4","5,9",6,"6,9","5,4",,,,,,"5,9","6,8","5,4",,,,,,,,,"6,1","4,5","5,9","6,5",,,,,,,,"5,6",,,,,,,,,,,0,"5,5","6,4","5,8",,,,,,,,"5,9",5,"5,8",,,,,,,,,"5,4"
16,peña millán maythe aylene,"6,3",7,5,"6,5","6,8","6,7",,,,,"6,3","6,8",7,,,,,,,,,"6,9","6,8","6,8","6,8",,,"6,8",,,,,,0,"5,8","4,1","6,3",,,,,,,,"5,4",,,,,,,,,,,0,"6,3",7,"5,4","5,4",,6,7,,,,,,7,7,7,7,,,7,,,,,,0,"6,8","6,6","6,5",,,"6,6",,,,,,0,7,"6,5",7,,,"6,8",,,,,,0,7,"6,5",7,"6,2",7,,,,,,"6,7","6,7",7,7,,,,,,,,"6,9","6,8","6,3","4,1",7,,,,,,,6,"5,9","5,4",,,,,,,,,"5,6","5,5","6,7",7,"5,8",,,,,,,"6,2",7,7,,,,,,,,,7,7,"6,5","6,5",,,,,,,,"6,6",,,,,,,,,,,0,"5,3","5,7","6,7","6,5","4,5",,,,,,"5,7","6,8","5,6",,,,,,,,,"6,2",4,"6,2",6,,,,,,,,"5,4",,,,,,,,,,,0,"4,9","6,4","6,6",,,,,,,,"5,9","6,8","6,5",,,,,,,,,"6,6"
17,peña saravia jeremy raymon,"6,6",7,"4,7","1,1","5,8","5,4",,,,,"5,1",5,"4,5",,,,,,,,,"4,7","6,8",6,"6,5",,,"6,4",,,,,,0,6,"3,1","3,3",,,,,,,,"4,1",,,,,,,,,,,0,7,7,4,"6,1",,6,"5,8",,,,,,"5,8","5,2",7,6,,,6,,,,,,0,6,"6,5",7,,,"6,5",,,,,,0,7,6,7,,,"6,6",,,,,,0,"5,4","4,8",7,"5,5",6,,,,,,"5,7",7,"6,4","6,7",,,,,,,,"6,7","5,9","3,8","3,3",5,,,,,,,"4,5","6,5","5,4",,,,,,,,,"5,9","4,7","6,1",7,"5,9",,,,,,,"5,9",7,7,,,,,,,,,7,"4,1",6,5,,,,,,,,5,,,,,,,,,,,0,"5,1","5,9",5,"6,4","5,1",,,,,,"5,5","6,8","5,5",,,,,,,,,"6,1","3,5","4,5",2,,,,,,,,"3,3",,,,,,,,,,,0,6,2,2,,,,,,,,"3,3","2,4","5,4",,,,,,,,,"3,9"
18,pérez acuña boris alexander fabián,"6,3","5,5",6,6,6,"5,6",,,,,"5,9","5,9","2,9",,,,,,,,,"4,4","6,9","6,5","6,5",,,"6,6",,,,,,0,4,"2,6",,,,,,,,,"3,3",,,,,,,,,,,0,"4,7",7,"6,5",3,,"5,3","6,1",,,,,,"6,1",7,7,7,,,7,,,,,,0,6,"6,5",7,,,"6,5",,,,,,0,7,"6,5",7,,,"6,8",,,,,,0,"6,9","5,8",7,5,"5,5",,,,,,6,"5,6",,,,,,,,,,"5,6","3,1",6,"3,1","6,5",,,,,,,"4,6","6,8","3,4",,,,,,,,,"5,1",6,7,7,"3,3",,,,,,,"5,8",7,"6,9",,,,,,,,,"6,9","6,7",7,6,,,,,,,,"6,5",,,,,,,,,,,0,"3,1","5,9","6,4","6,9",4,,,,,,"5,2","6,5","1,5",,,,,,,,,4,4,"3,6",4,,,,,,,,"3,8",,,,,,,,,,,0,"2,3","5,5",6,,,,,,,,"4,6","4,1",7,,,,,,,,,"5,5"
19,pizarro vásquez vicente maximiliano,"5,5",6,"5,6","5,8","4,7","3,8",,,,,"5,2","4,3","2,8",,,,,,,,,"3,5","6,6","6,5","6,5",,,"6,5",,,,,,0,4,4,,,,,,,,,4,,,,,,,,,,,0,5,"6,3","2,7","2,6",,"4,1",,,,,,,0,,7,7,,,7,,,,,,0,5,6,7,,,6,,,,,,0,7,6,7,,,"6,6",,,,,,0,"5,4","3,4",7,"2,9","4,7",,,,,,"4,6","5,6",,,,,,,,,,"5,6","5,3","3,5","2,7","6,1",,,,,,,"4,4","6,3","2,6",,,,,,,,,"4,4","3,4","5,6",5,"3,1",,,,,,,"4,2",7,"5,2",,,,,,,,,"6,1","6,9",7,"6,5",,,,,,,,"6,8",,,,,,,,,,,0,"2,8","5,4","2,6","6,7","2,5",,,,,,4,"5,7",,,,,,,,,,"5,7","3,5",4,4,,,,,,,,"3,8",,,,,,,,,,,0,2,2,"4,1",,,,,,,,"2,7",2,"5,4",,,,,,,,,"3,7"
20,ramírez ortega josthyn alexander,"4,1","5,5","3,8","6,3","6,4","5,8",,,,,"5,3","5,1","6,5",,,,,,,,,"5,8","6,9",6,"6,5",,,"6,4",,,,,,0,4,2,3,,,,,,,,3,,,,,,,,,,,0,"1,5","6,3","3,4","4,7",,"3,9",,,,,,,0,7,"5,5","5,5",4,,"5,5",,,,,,0,"5,8","5,6","5,5",,,"5,6",,,,,,0,7,6,7,,,"6,6",,,,,,0,5,"4,8",7,"3,9","5,5",,,,,,"5,2","6,2",,,,,,,,,,"6,2",6,"5,9","4,4","6,5",,,,,,,"5,7","6,6","4,7",,,,,,,,,"5,6","3,5","5,6",5,"4,8",,,,,,,"4,7",7,7,,,,,,,,,7,"6,4",6,6,,,,,,,,"6,1",,,,,,,,,,,0,"5,8","5,3","4,2","4,4",4,,,,,,"4,7","5,1",,,,,,,,,,"5,1",4,"4,5",5,,,,,,,,"4,5",,,,,,,,,,,0,"2,5","4,5","4,7",,,,,,,,"3,9","2,6","5,8",,,,,,,,,"4,2"
,,,,,,,,,,,,,,,,,,,,,,,,,,,,,,,,,,,,,,,,,,,,,,,,,,,,,,,,,,,,,,,,,,,,,,,,,,,,,,,,,,,,,,,,,,,,,,,,,,,,,,,,,,,,,,,,,,,,,,,,,,,,,,,,,,,,,,,,,,,,,,,,,,,,,,,,,,,,,,,,,,,,,,,,,,,,,,,,,,,,,,,,,,,,,,,,,,,,,,,,,,,,,,,,,,,,,,,,,,,,,,,,,,,,,,,,,,,,,,,,,,,,,,,,,,,,,,,,,,,,
22,reyes gamboa ashley aracely,"4,2",7,6,7,"4,1",5,,,,,"5,5","2,6","5,3",,,,,,,,,"3,9","6,7",7,7,,,"6,9",,,,,,0,"6,9",5,"6,9",,,,,,,,"6,2",,,,,,,,,,,0,"1,5",6,"1,5","3,3",,3,"5,8",,,,,,"5,8",7,7,7,4,,"6,2",,,,,,0,6,7,7,,,"6,6",,,,,,0,6,"6,6","6,3",,,"6,3",,,,,,0,"5,8","2,8",7,"2,6","6,5",,,,,,"4,9","6,4","6,2",,,,,,,,,"6,3","3,6","6,3","3,6",6,,,,,,,"4,8","5,8","1,8",,,,,,,,,"3,8","4,6","6,1",7,"6,7",,,,,,,"6,1",7,"6,9",,,,,,,,,"6,9","6,2","6,8",6,,,,,,,,"6,3",,,,,,,,,,,0,"3,5","5,9","3,1","6,9",2,,,,,,"4,2","5,6","1,8",,,,,,,,,"3,7","4,5","3,9",6,,,,,,,,"4,8",,,,,,,,,,,0,4,"6,6","4,3",,,,,,,,"4,9",4,"6,5",,,,,,,,,"5,2"
,,,,,,,,,,,,,,,,,,,,,,,,,,,,,,,,,,,,,,,,,,,,,,,,,,,,,,,,,,,,,,,,,,,,,,,,,,,,,,,,,,,,,,,,,,,,,,,,,,,,,,,,,,,,,,,,,,,,,,,,,,,,,,,,,,,,,,,,,,,,,,,,,,,,,,,,,,,,,,,,,,,,,,,,,,,,,"6,7",7,,,,,,,,,,,,,,,,,,,,,,,,,,,,,,,,,,,,,,,,,,,,,,,,,,,,,,,,,,,,,,,,,,,,,,,,,,,,,,,,,,,,,,
24,rojas parra angielina ginette alejandra,7,7,7,7,"6,8","6,9",,,,,"6,9",7,7,,,,,,,,,7,7,7,7,,,7,,,,,,0,,"5,1",7,,,,,,,,6,,,,,,,,,,,0,"6,5","6,7",5,"6,2",,"6,1",7,,,,,,7,"6,1",7,7,6,,"6,5",,,,,,0,7,7,7,,,7,,,,,,0,"6,7",7,7,,,"6,9",,,,,,0,"6,8","5,1",7,"6,5",7,,,,,,"6,4","6,4",7,,,,,,,,,"6,7",7,7,"4,7","6,8",,,,,,,"6,3",7,"6,5",,,,,,,,,"6,7","6,2","6,7",7,"5,7",,,,,,,"6,4",7,7,,,,,,,,,7,7,7,"6,7",,,,,,,,"6,9",,,,,,,,,,,0,"5,6","5,9","6,9","6,7","5,3",,,,,,6,"6,8",,,,,,,,,,"6,8","6,7",6,"6,8",,,,,,,,"6,5",,,,,,,,,,,0,7,"6,6","6,6",,,,,,,,"6,7","5,5",7,,,,,,,,,"6,2"
,,,,,,,,,,,,,,,,,,,,,,,,,,,,,,,,,,,,,,,,,,,,,,,,,,,,,,,,,,,,,,,,,,,,,,,,,,,,,,,,,,,,,,,,,,,,,,,,,,,,,,,,,,,,,,,,,,,,,,,,,,,,,,,,,,,,,,,,,,,,,,,,,,,,,,,,,,,,,,,,,,,,,,,,,,,,,,,,,,,,,,,,,,,,,,,,,,,,,,,,,,,,,,,,,,,,,,,,,,,,,,,,,,,,,,,,,,,,,,,,,,,,,,,,,,,,,,,,,,,,
26,toledo espinoza stephanie javiera,"6,3",7,"5,3","5,8","5,6",5,,,,,"5,8","4,3","3,4",,,,,,,,,"3,8","6,7","6,1","6,8",,,"6,5",,,,,,0,4,"6,3",,,,,,,,,"5,1",,,,,,,,,,,0,"5,2","5,2","4,8","2,7",,"4,4","5,9",,,,,,"5,9",7,7,7,"6,5",,"6,8",,,,,,0,"5,5","6,4",6,,,"5,9",,,,,,0,"4,7",6,7,,,"5,9",,,,,,0,"5,4",7,7,"6,1","6,9",,,,,,"6,4","6,2",,,,,,,,,,"6,2",7,"6,3","3,1",6,,,,,,,"5,6","5,9","3,6",,,,,,,,,"4,7","6,2","6,7",7,"6,3",,,,,,,"6,5",5,"6,8",,,,,,,,,"5,9",1,"6,3",6,,,,,,,,"4,4",,,,,,,,,,,0,"4,5",4,"3,6","6,7","3,6",,,,,,"4,4","6,5",,,,,,,,,,"6,5",5,"5,1",2,,,,,,,,4,,,,,,,,,,,0,2,7,"5,3",,,,,,,,"4,7",6,"6,3",,,,,,,,,"6,1"
27,urbina aravena melody skarle,7,7,"5,7",6,"6,3","5,7",,,,,"6,2",6,7,,,,,,,,,"6,5","6,2","6,8","6,8",,,"6,6",,,,,,0,4,"5,5",7,,,,,,,,"5,5",,,,,,,,,,,0,"4,7",7,"5,9","5,9",,"5,8",,,,,,,0,"6,8",6,"6,7",4,,"5,8",,,,,,0,"6,8","6,7",7,,,"6,8",,,,,,0,"5,6",6,7,,,"6,2",,,,,,0,"6,3","4,6","5,7","5,2","6,9",,,,,,"5,7","6,7",7,7,,,,,,,,"6,9","5,1","6,8","5,6","6,8",,,,,,,6,"6,5","5,8",,,,,,,,,"6,1","4,2","6,2",7,"5,3",,,,,,,"5,6",7,7,,,,,,,,,7,"6,7",7,"6,7",,,,,,,,"6,8",,,,,,,,,,,0,3,"6,3",7,"6,9","4,6",,,,,,"5,5","6,3",5,,,,,,,,,"5,6",5,"4,7","6,8",,,,,,,,"5,5",,,,,,,,,,,0,"4,6","5,8","3,4",,,,,,,,"4,6",5,7,,,,,,,,,6
28,véliz monasterio antonia angelina,"5,7",7,"4,7",7,"4,9","6,5",,,,,"5,9",5,"5,8",,,,,,,,,"5,4","6,8",7,7,,,"6,9",,,,,,0,7,6,6,,,,,,,,"6,3",,,,,,,,,,,0,"1,5",6,"2,8","3,3",,"3,4","5,8",,,,,,"5,8",7,7,7,4,,"6,2",,,,,,0,6,7,7,,,"6,6",,,,,,0,"6,5","6,6","6,5",,,"6,5",,,,,,0,"5,8","4,6",7,"3,7","6,5",,,,,,"5,5","6,2",7,,,,,,,,,"6,6","6,1",5,3,"6,5",,,,,,,"5,1","5,8","3,2",,,,,,,,,"4,5","5,7","6,1",7,"6,3",,,,,,,"6,2",7,7,,,,,,,,,7,"6,6","6,7",6,,,,,,,,"6,4",,,,,,,,,,,0,"2,1","5,7",4,"6,9",5,,,,,,"4,7","5,6","2,6",,,,,,,,,"4,1","6,3","3,6",6,,,,,,,,"5,3",,,,,,,,,,,0,"5,1","6,6","4,7",,,,,,,,"5,4","4,5","6,5",,,,,,,,,"5,5"
29,araya cabello darlyn carolina,"4,8","3,8","6,3","4,2","4,7","4,7",,,,,"4,7","5,6","4,4",,,,,,,,,5,5,"3,6",5,,,"4,5",,,,,,0,4,4,,,,,,,,,4,,,,,,,,,,,0,"6,5",6,4,4,,"5,1","5,4",,,,,,"5,4","5,5",7,"5,5",4,,"5,5",,,,,,0,,,,,,0,,,,,,0,,,,,,0,,,,,,0,7,"1,9",7,"4,3","6,5",,,,,,"5,3","5,6","6,4",,,,,,,,,6,"3,9",6,"3,5",2,,,,,,,"3,8","5,8","3,2",,,,,,,,,"4,5",2,"6,7",7,"4,5",,,,,,,5,7,"6,2",,,,,,,,,"6,6","6,8",5,5,,,,,,,,"5,6",,,,,,,,,,,0,,"5,9","4,3",,,,,,,,"5,1",6,"1,5",,,,,,,,,"3,7",,"2,8",2,,,,,,,,"2,4",,,,,,,,,,,0,,2,"2,5",,,,,,,,"2,2",2,6,,,,,,,,,4
30,grondona gonzález benjamín giovanni,"2,7",6,"1,7","4,1",6,"4,1",,,,,"4,1","3,2","2,2",,,,,,,,,"2,7",7,"6,4","6,5",,,"6,6",,,,,,0,4,4,,,,,,,,,4,,,,,,,,,,,0,"5,3","4,5","3,7","4,5",,"4,5",,,,,,,0,"6,4",,,,,"6,4",,,,,,0,"6,6",,,,,"6,6",,,,,,0,7,"6,5",6,,,"6,5",,,,,,0,2,"4,3",7,2,,,,,,,"3,8","6,2",,,,,,,,,,"6,2","4,5",2,"4,2","6,5",,,,,,,"4,3",,"1,9",,,,,,,,,"1,9","3,5","6,1",7,2,,,,,,,"4,6",5,5,,,,,,,,,5,6,"6,3",2,,,,,,,,"4,7",,,,,,,,,,,0,"5,1","6,3","2,5","6,4","1,8",,,,,,"4,4","5,7",,,,,,,,,,"5,7",4,"3,5",2,,,,,,,,"3,1",,,,,,,,,,,0,"3,9",2,"6,6",,,,,,,,"4,1",2,"5,4",,,,,,,,,"3,7"
31,,,,,,,,,,,,0,,,,,,,,,,,0,,,,,,0,,,,,,0,,,,,,,,,,,0,,,,,,,,,,,0,,,,,,0,,,,,,,0,,,,,,0,,,,,,0,,,,,,0,,,,,,0,,,,,,0,,,,,,0,,,,,,,,,,,0,,,,,,,,,,,0,,,,,,,,,,,0,,,,,,,,,,,0,,,,,,,,,,,0,,,,,,,,,,,0,,,,,,,,,,,0,,,,,,,,,,,0,,,,,,,,,,,0,,,,,,,,,,,0,,,,,,,,,,,0,,,,,,,,,,,0,,,,,,,,,,,0,,,,,,,,,,,0
32,,,,,,,,,,,,0,,,,,,,,,,,0,,,,,,0,,,,,,0,,,,,,,,,,,0,,,,,,,,,,,0,,,,,,0,,,,,,,0,,,,,,0,,,,,,0,,,,,,0,,,,,,0,,,,,,0,,,,,,0,,,,,,,,,,,0,,,,,,,,,,,0,,,,,,,,,,,0,,,,,,,,,,,0,,,,,,,,,,,0,,,,,,,,,,,0,,,,,,,,,,,0,,,,,,,,,,,0,,,,,,,,,,,0,,,,,,,,,,,0,,,,,,,,,,,0,,,,,,,,,,,0,,,,,,,,,,,0,,,,,,,,,,,0
33,,,,,,,,,,,,0,,,,,,,,,,,0,,,,,,0,,,,,,0,,,,,,,,,,,0,,,,,,,,,,,0,,,,,,0,,,,,,,0,,,,,,0,,,,,,0,,,,,,0,,,,,,0,,,,,,0,,,,,,0,,,,,,,,,,,0,,,,,,,,,,,0,,,,,,,,,,,0,,,,,,,,,,,0,,,,,,,,,,,0,,,,,,,,,,,0,,,,,,,,,,,0,,,,,,,,,,,0,,,,,,,,,,,0,,,,,,,,,,,0,,,,,,,,,,,0,,,,,,,,,,,0,,,,,,,,,,,0,,,,,,,,,,,0