N°,NOMBRE,LENGUAJE,,,,,,,,,,,LENGUAJE,,,,,,,,,,,INGLÉS,,,,,,INGLÉS,,,,,,MATEMÁTICA,,,,,,,,,,,MATEMÁTICA,,,,,,,,,,,HISTORIA Y CS. SOC.,,,,,,,HISTORIA Y CS. SOC.,,,,,,,BIOLOGÍA,,,,,,BIOLOGÍA,,,,,,,,,,QUÍMICA,,,,,,,,,QUÍMICA,,,,,,,,,FÍSICA,,,,,,,,,FÍSICA,,,,,,,,,CS. NATURALES,,,,,,CS. NATURALES,,,,,,ARTES MUSICALES,,,,,,ARTES MUSICALES,,,,,,ED. TECNOLÓGICA,,,,,,ED. TECNOLÓGICA,,,,,,ED. FÍSICA,,,,,,ED. FÍSICA,,,,,,A. EN ENFERMERÍA,,,,,,PROGRAMACIÓN,,,,,,A. EN PÁRVULO,,,,,,FORMACIÓN VALÓRICA,,,,,,FORMACIÓN VALÓRICA,,,,,
,,N1,N2,N3,N4,N5,N6,N7,N8,N9,N10,PROMEDIO,N1,N2,N3,N4,N5,N6,N7,N8,N9,N10,PROMEDIO,N1,N2,N3,N4,N5,PROMEDIO,N1,N2,N3,N4,N5,PROMEDIO,N1,N2,N3,N4,N5,N6,N7,N8,N9,N10,PROMEDIO,N1,N2,N3,N4,N5,N6,N7,N8,N9,N10,PROMEDIO,N1,N2,N3,N4,N5,N6,PROMEDIO,N1,N2,N3,N4,N5,N6,PROMEDIO,N1,N2,N3,N4,N5,PROMEDIO,N1,N2,N3,N4,N5,N6,N7,N8,N9,PROMEDIO,N1,N2,N3,N4,N5,N6,N7,N8,PROMEDIO,N1,N2,N3,N4,N5,N6,N7,N8,PROMEDIO,N1,N2,N3,N4,N5,N6,N7,N8,PROMEDIO,N1,N2,N3,N4,N5,N6,N7,N8,PROMEDIO,N1,N2,N3,N4,N5,PROMEDIO,N1,N2,N3,N4,N5,PROMEDIO,N1,N2,N3,N4,N5,PROMEDIO,N1,N2,N3,N4,N5,PROMEDIO,N1,N2,N3,N4,N5,PROMEDIO,N1,N2,N3,N4,N5,PROMEDIO,N1,N2,N3,N4,N5,PROMEDIO,N1,N2,N3,N4,N5,PROMEDIO,N1,N2,N3,N4,N5,PROMEDIO,N1,N2,N3,N4,N5,PROMEDIO,N1,N2,N3,N4,N5,PROMEDIO,N1,N2,N3,N4,N5,PROMEDIO,N1,N2,N3,N4,N5,PROMEDIO
1,Aguilera González Mateo Ignacio,"5,9","5,8",7,"4,8","6,6",6,"6,6","6,5",,,"6,1",7,"6,2","6,7",,,,,,,,"6,6",7,7,"6,5",7,,"6,8",7,7,,,,7,7,7,"5,9",7,7,,,,,,"6,7",,,,,,,,,,,0,"6,4","5,7",7,"6,8",,,"6,4","6,9",,,,,,"6,9",7,5,"6,8",,,"6,2",7,,,,,,,,,7,"5,1","6,2",,,,,,,"5,6","5,6",,,,,,,,"5,6","5,7","5,6","5,7",,,,,,"5,6","4,9","6,7",,,,,,,"5,8",,,,,,0,,,,,,0,4,,,,,4,,,,,,0,"5,3","5,3",2,,,"4,2","6,8",,,,,"6,8","5,6",7,7,7,,"6,6",7,7,,,,7,"6,6","5,8",7,,,"6,4",7,2,5,7,,"5,2","6,7","5,9",,,,"6,3",MB,MB,,,,MB,,,,,,0
2,Alvarez Huaiquilaf Fernando Koyan,"6,7","6,5",7,"6,7",7,"6,6","6,5","6,7",,,"6,7",7,"6,5","6,8",,,,,,,,"6,7",7,"6,3","6,5",7,,"6,7","6,6",7,,,,"6,8",7,7,7,7,7,,,,,,7,,,,,,,,,,,0,"6,2","6,2",7,7,,,"6,6","6,5",7,,,,,"6,7","6,8","6,3",7,,,"6,7",7,,,,,,,,,7,"6,6","6,4",,,,,,,"6,5","6,5",,,,,,,,"6,5",7,"6,3",7,,,,,,"6,7",7,"5,6",,,,,,,"6,3",,,,,,0,,,,,,0,"6,8",,,,,"6,8",,,,,,0,7,7,7,,,7,7,7,,,,7,7,"6,5","6,7",7,,"6,8",7,7,,,,7,7,"6,8",7,,,"6,9",7,6,7,7,,"6,7","6,4","5,6",,,,6,MB,MB,,,,MB,,,,,,0
3,Cabrera Díaz Vicente Tomás,"5,3","2,7",7,"4,5",6,"4,5",5,5,,,5,"5,2",5,"5,7",,,,,,,,"5,3","6,1",4,"5,4","6,1",,"5,4","6,1",5,,,,"5,5",4,"5,7",4,"4,8","5,5",,,,,,"4,8",,,,,,,,,,,0,"3,6","4,2",7,"5,3",,,5,7,"5,5",,,,,"6,2",7,4,"6,4",,,"5,8",,,,,,,,,,0,"4,5","6,5",,,,,,,"5,5","2,7",,,,,,,,"2,7","4,2","6,3","4,6",,,,,,5,"3,1","3,3",,,,,,,"3,2",,,,,,0,,,,,,0,"4,7",,,,,"4,7",,,,,,0,6,"6,3","6,8",,,"6,3",7,6,,,,"6,5",7,7,"6,5",7,,"6,8","6,5",7,,,,"6,7",4,"5,3",6,,,"5,1",7,7,4,4,,"5,5","4,7",,,,,"4,7",MB,MB,,,,MB,,,,,,0
4,Cortés Godoy Jhendelyn Alexandra,"4,6","4,2",6,"5,5","5,6","6,5","4,5","6,7",,,"5,4","5,2","4,8","6,6",,,,,,,,"5,5","4,2","4,2",4,"4,1",,"4,1","4,6",2,,,,"3,3","2,9",7,"5,3","4,8","6,7",,,,,,"5,3",,,,,,,,,,,0,"6,2","6,6","6,2","6,8",,,"6,4",7,"6,5",,,,,"6,7","6,6",4,"6,8",,,"5,8",7,,,,,,,,,7,"5,6","3,8",,,,,,,"4,7","6,7",,,,,,,,"6,7","2,5",4,"5,7",,,,,,4,"5,8","6,3",,,,,,,6,,,,,,0,,,,,,0,"4,3",,,,,"4,3",,,,,,0,7,"4,5","5,7",,,"5,7",,"6,5",,,,"6,5","6,7",6,"6,7","5,8",,"6,3",6,7,,,,"6,5","6,4","6,8",7,,,"6,7",7,2,7,2,,"4,5",,"5,8",,,,"5,8",MB,MB,,,,MB,,,,,,0
5,Cortés Zamora Diego Andrés,7,7,7,"6,8",7,7,7,7,,,"6,9",7,7,"6,8",,,,,,,,"6,9",7,7,7,7,,7,7,7,,,,7,7,7,7,7,7,,,,,,7,,,,,,,,,,,0,7,"6,8",7,7,,,"6,9",7,7,,,,,7,"6,8","6,3",7,,,"6,7",7,,,,,,,,,7,7,7,,,,,,,7,7,,,,,,,,7,"6,1","6,8",7,,,,,,"6,6",7,,,,,,,,7,,,,,,0,,,,,,0,"6,8",,,,,"6,8",,,,,,0,7,7,7,,,7,7,7,,,,7,7,"6,5",7,7,,"6,8",6,7,,,,"6,5",7,7,"6,8",,,"6,9",7,7,7,7,,7,7,,,,,7,MB,MB,,,,MB,,,,,,0
6,Cortés Zamora Sofía Antonella,"5,8","5,1",7,"1,6",6,"5,3",6,7,,,"5,4",6,6,"6,8",,,,,,,,"6,2",6,7,"4,4","6,5",,"5,9",5,6,,,,"5,5","4,4",3,1,7,"5,2",,,,,,"4,1",,,,,,,,,,,0,7,"4,8","6,6","4,8",,,"5,8",7,,,,,,7,7,"6,3","6,8",,,"6,7",7,,,,,,,,,7,"6,9","6,4",,,,,,,"6,6","6,5",,,,,,,,"6,5","6,1","6,3","6,8",,,,,,"6,4",7,7,,,,,,,7,,,,,,0,,,,,,0,5,,,,,5,,,,,,0,7,7,"6,8",,,"6,9",7,7,,,,7,7,7,7,7,,7,6,7,,,,"6,5","6,8","6,3",7,,,"6,7",7,7,7,7,,7,"6,4","6,5",,,,"6,4",MB,MB,,,,MB,,,,,,0
7,Covarrubias Flores Bárbara Belén,"6,2","6,6",7,"6,2","6,7",7,"6,6","6,2",,,"6,5",7,"6,8","6,8",,,,,,,,"6,8","6,4",6,"5,2","6,5",,6,"6,8",6,,,,"6,4",7,7,7,7,7,,,,,,7,,,,,,,,,,,0,7,"6,2",7,"6,8",,,"6,7",7,,,,,,7,7,"6,3","6,8",,,"6,7",7,,,,,,,,,7,7,"6,2",,,,,,,"6,6","6,5",,,,,,,,"6,5","6,1",7,7,,,,,,"6,7",7,"6,3",,,,,,,"6,6",,,,,,0,,,,,,0,"6,7",,,,,"6,7",,,,,,0,7,7,"6,8",,,"6,9",7,7,,,,7,"6,8",7,7,7,,"6,9",7,7,,,,7,7,"6,8",7,,,"6,9",7,7,7,7,,7,,7,,,,7,MB,MB,,,,MB,,,,,,0
8,Farias Ponce Alessandro Antonio,"2,6","1,9",7,"3,8","2,1",4,"3,5","6,2",,,"3,8","3,5","2,7","6,8",,,,,,,,"4,3",3,2,6,"4,4",,"3,8","2,3",,,,,"2,3","5,7","6,6","6,4","6,6","6,9",,,,,,"6,4",,,,,,,,,,,0,"5,6","6,1",4,"6,8",,,"5,6","4,5",,,,,,"4,5",7,3,4,,,"4,6",,,,,,,,,,0,"4,8",5,,,,,,,"4,9","5,6",,,,,,,,"5,6","3,6","3,3","5,1",,,,,,4,"2,7","6,3",,,,,,,"4,5",,,,,,0,,,,,,0,"4,4",,,,,"4,4",,,,,,0,"5,3","5,3",2,,,"4,2","6,8",,,,,"6,8",7,7,7,7,,7,"6,5",7,,,,"6,7",7,2,7,,,"5,3",7,2,5,7,,"5,2",,,,,,0,MB,MB,,,,MB,,,,,,0
9,Francois Anne Cloe Emmanuella,"6,3",6,7,6,7,7,"6,3","6,7",,,"6,5",7,"6,7","6,8",,,,,,,,"6,8",6,"6,5","6,5",7,,"6,5",7,7,,,,7,6,"6,3",7,7,7,,,,,,"6,6",,,,,,,,,,,0,"5,7","6,2",7,7,,,"6,4","6,8",,,,,,"6,8",7,6,"6,4",,,"6,4","6,5",,,,,,,,,"6,5","6,7","4,7",,,,,,,"5,7",6.6,,,,,,,,46179,"6,1","5,4",7,,,,,,"6,1",7,"6,3",,,,,,,"6,6",,,,,,0,,,,,,0,5,,,,,5,,,,,,0,"5,5",7,7,,,"6,5",7,7,,,,7,"6,7","6,5","6,7",7,,"6,7",7,7,,,,7,7,"5,8","6,5",,,"6,4",7,5,7,6,,"6,2",,,,,,0,MB,MB,,,,MB,,,,,,0
10,Fuentes Riffo Maximiliano Andrés,5,"2,1",7,"4,3",6,"3,8","6,1",6,,,5,"4,5","4,5","5,7",,,,,,,,"4,9",6,7,"4,9","5,9",,"5,9",,,,,,0,"4,6",7,"4,5",5,"2,7",,,,,,"4,7",,,,,,,,,,,0,"6,1","6,1",7,"6,5",,,"6,4","5,2",,,,,,"5,2",7,"4,7","5,6",,,"5,7",,,,,,,,,,0,"5,2","5,1",,,,,,,"5,1","4,4",,,,,,,,"4,4","2,9",7,"4,6",,,,,,"4,8","3,2","2,6",,,,,,,"2,9",,,,,,0,,,,,,0,"5,4",,,,,"5,4",,,,,,0,6,"6,3","6,1",,,"6,1",,,,,,0,7,7,"6,7","6,6",,"6,8","6,5",,,,,"6,5",4,"6,8","6,5",,,"5,7",7,4,4,4,,"4,7",,,,,,0,MB,MB,,,,MB,,,,,,0
,,,,,,,,,,,,,,,,,,,,,,,,,,,,,,,,,,,,,,,,,,,,,,,,,,,,,,,,,,,,,,,,,,,,,,,,,,,,,,,,,,,,,,,,,,,,,,,,,,,,,,,,,,,,,,,,,,,,,,,,,,,,,,,,,,,,,,,,,,,,,,,,,,,,,,,,,,,,,,,,,,,,,,,,,,,,,,,,,,,,,,,,,,,,,,,,,,,,,,,,,
,,,,,,,,,,,,,,,,,,,,,,,,,,,,,,,,,,,,,,,,,,,,,,,,,,,,,,,,,,,,,,,,,,,,,,,,,,,,,,,,,,,,,,,,,,,,,,,,,,,,,,,,,,,,,,,,,,,,,,,,,,,,,,,,,,,,,,,,,,,,,,,,,,,,,,,,,,,,,,,,,,,,,,,,,,,,,,,,,,,,,,,,,,,,,,,,,,,,,,,,,
13,Gálvez Guerrero Ayanae Magda Rita,4,"2,3",7,"2,8","6,4","3,8","4,2",6,,,"4,5","5,7","5,7","6,8",,,,,,,,6,"4,4",4,"4,3","4,3",,"4,2",5,,,,,5,5,"5,3","5,1","5,1",5,,,,,,"5,1",,,,,,,,,,,0,"2,7","4,7","5,5",6,,,"4,7",4,,,,,,4,7,4,4,,,5,7,,,,,,,,,7,"2,2","5,1",,,,,,,"3,6","4,3",,,,,,,,"4,3","5,1",4,"4,1",,,,,,"4,4","5,8","5,6",,,,,,,"5,7",,,,,,0,,,,,,0,4,,,,,4,,,,,,0,6,"6,3","6,8",,,"6,3",7,6,,,,"6,5",7,6,7,"4,6",,"6,1",,7,,,,7,"6,8","6,2",7,,,"6,6",7,4,7,7,,"6,2",,"5,4",,,,"5,4",MB,MB,,,,MB,,,,,,0
14,González Llanca Lisbeth Belén,"4,8","4,8",7,5,"6,5","6,6","3,6","6,2",,,"5,5","3,6",6,"6,8",,,,,,,,"5,4","4,5","5,5",6,6,,"5,5",,3,,,,3,"5,4",7,7,"4,3","4,3",,,,,,"5,6",,,,,,,,,,,0,"5,6","4,8","6,4",7,,,"5,9","6,1",,,,,,"6,1",7,"6,3",7,,,"6,7",7,,,,,,,,,7,"4,2","3,8",,,,,,,4,"5,3",,,,,,,,"5,3","6,1","4,7","5,7",,,,,,"5,5","5,3","6,3",,,,,,,"5,8",,,,,,0,,,,,,0,4,,,,,4,,,,,,0,7,7,"6,8",,,"6,9",7,7,,,,7,"5,2",6,"6,7","5,6",,"5,8",6,,,,,6,"6,8",7,"6,5",,,"6,7",,,7,7,,7,,"5,8",,,,"5,8",MB,MB,,,,MB,,,,,,0
15,Labraña Olmos Dilan Francisco,"3,7","3,6","4,5","2,5","4,8","4,3","4,3",6,,,"4,2","4,6",3,"6,3",,,,,,,,"4,6","4,2","3,5","3,4","4,2",,"3,8","2,9",,,,,"2,9","4,1","4,5","6,5","1,6","4,3",,,,,,"4,2",,,,,,,,,,,0,"5,1","5,6",7,"6,8",,,"6,1","4,5",,,,,,"4,5",7,"2,5",4,,,"4,5",,,,,,,,,,0,"3,6","6,3",,,,,,,"4,9",4,,,,,,,,4,"5,1",7,"5,7",,,,,,"5,9","5,3","5,3",,,,,,,"5,3",,,,,,0,,,,,,0,4,,,,,4,,,,,,0,"5,8","5,8",2,,,"4,5",7,,,,,7,7,7,"5,5","5,8",,"6,3",7,7,,,,7,4,6,3,,,"4,3",,,4,2,,3,,,,,,0,MB,MB,,,,MB,,,,,,0
16,Latorre Espinoza Esteisy paz,"4,8","3,4","4,3","4,4","5,5","3,6","5,8","6,7",,,"4,8","5,2",,"3,8",,,,,,,,"4,5",2,"3,4","4,5","4,5",,"3,6",,,,,,0,"6,3","5,5","5,7","6,1","4,8",,,,,,"5,6",,,,,,,,,,,0,"6,4","6,6","6,6","6,9",,,"6,6","4,3",,,,,,"4,3",7,4,"5,6",,,"5,5","4,5",,,,,,,,,"4,5","4,1","5,9",,,,,,,5,"6,7",,,,,,,,"6,7",7,7,"5,4",,,,,,"6,4","5,8","6,3",,,,,,,6,,,,,,0,,,,,,0,"4,5",,,,,"4,5",,,,,,0,6,5,2,,,"4,3","6,8",,,,,"6,8",7,6,"6,5",7,,"6,6",7,7,,,,7,"6,4","6,3",2,,,"4,9",7,"5,8",7,2,,"5,4",,"6,5",,,,"6,5",MB,MB,,,,MB,,,,,,0
,,,,,,,,,,,,,,,,,,,,,,,,,,,,,,,,,,,,,,,,,,,,,,,,,,,,,,,,,,,,,,,,,,,,,,,,,,,,,,,,,,,,,,,,,,,,,,,,,,,,,,,,,,,,,,,,,,,,,,,,,,,,,,,,,,,,,,,,,,,,,,,,,,,,,,,,,,,,,,,,,,,,,,,,,,,,,,,,,,,,,,,,,,,,,,,,,,,,,,,,,
18,Lucero Mendoza Guslimar Salome,"3,9","3,5","6,5","4,5",7,6,"6,3","6,7",,,"5,5","4,7","6,4","6,6",,,,,,,,"5,9","4,2",2,5,"3,7",,"3,7","5,9",,,,,"5,9","2,9",7,7,"5,7","6,7",,,,,,"5,8",,,,,,,,,,,0,6,"5,7","6,2","6,8",,,"6,1","6,3","6,5",,,,,"6,4","6,1",4,4,,,"4,7",7,,,,,,,,,7,"5,6",4,,,,,,,"4,8","6,7",,,,,,,,"6,7","3,6","3,6","5,7",,,,,,"4,3","5,8","6,3",,,,,,,6,,,,,,0,,,,,,0,"4,3",,,,,"4,3",,,,,,0,7,"4,5","5,7",,,"5,7",,"6,5",,,,"6,5","6,5","6,5",7,"6,2",,"6,5",7,7,,,,7,7,"5,3","5,5",,,"5,9",7,2,7,2,,"4,5",7,"6,1",,,,"6,5",MB,MB,,,,MB,,,,,,0
19,Manríquez Valenzuela Maximiliano Antonio,"6,8","6,5",7,7,7,"6,8",7,"6,5",,,"6,8",7,7,"6,8",,,,,,,,"6,9","6,4",7,"6,8",7,,"6,8","6,6",7,,,,"6,8",7,7,7,7,7,,,,,,7,,,,,,,,,,,0,6,"6,1","6,8",7,,,"6,4","6,5",7,,,,,"6,7",7,"6,5",7,,,"6,8",7,,,,,,,,,7,7,"6,7",,,,,,,"6,8",7,,,,,,,,7,"5,1","6,1","6,4",,,,,,"5,8",7,"6,7",,,,,,,"6,8",,,,,,0,,,,,,0,6,,,,,6,,,,,,0,7,7,7,,,7,7,,,,,7,7,7,7,7,,7,7,7,,,,7,7,"6,8",7,,,"6,9",7,7,7,7,,7,"6,4",,,,,"6,4",MB,MB,,,,MB,,,,,,0
,,,,,,,,,,,,,,,,,,,,,,,,,,,,,,,,,,,,,,,,,,,,,,,,,,,,,,,,,,,,,,,,,,,,,,,,,,,,,,,,,,,,,,,,,,,,,,,,,,,,,,,,,,,,,,,,,,,,,,,,,,,,,,,,,,,,,,,,,,,,,,,,,,,,,,,,,,,,,,,,,,,,,,,,,,,,,,,,,,,,,,,,,,,,,,,,,,,,,,,,,
,,,,,,,,,,,,,,,,,,,,,,,,,,,,,,,,,,,,,,,,,,,,,,,,,,,,,,,,,,,,,,,,,,,,,,,,,,,,,,,,,,,,,,,,,,,,,,,,,,,,,,,,,,,,,,,,,,,,,,,,,,,,,,,,,,,,,,,,,,,,,,,,,,,,,,,,,,,,,,,,,,,,,,,,,,,,,,,,,,,,,,,,,,,,,,,,,,,,,,,,,
22,Rocha Araya Gustavo Tyler,7,7,7,"6,8",7,"6,8",7,"6,5",,,"6,8",7,"6,6","6,8",,,,,,,,"6,8","6,3","6,5",6,7,,"6,4",7,7,,,,7,7,6,7,7,"6,1",,,,,,"6,6",,,,,,,,,,,0,"6,2","6,8",7,7,,,"6,7","5,9",7,,,,,"6,4","6,8","6,3",7,,,"6,7",7,,,,,,,,,7,7,"6,8",,,,,,,"6,9",7,,,,,,,,7,"6,1","6,8","6,5",,,,,,"6,4",7,,,,,,,,7,,,,,,0,,,,,,0,5,,,,,5,,,,,,0,7,7,7,,,7,7,7,,,,7,7,7,"6,7",7,,"6,9","6,5",7,,,,"6,7","6,7",7,"6,8",,,"6,8",7,6,7,7,,"6,7",7,"6,3",,,,"6,6",MB,MB,,,,MB,,,,,,0
23,Rodriguez Mendoza Jorhannys Claret,6,5,7,"6,7","6,3","6,6","6,6",7,,,"6,4",7,7,"6,6",,,,,,,,"6,8","5,6","6,5","5,6","6,5",,6,"5,5",6,,,,"5,7","5,1",7,7,7,"6,8",,,,,,"6,5",,,,,,,,,,,0,"4,2","6,4","5,8","6,8",,,"5,8",7,,,,,,7,7,6,4,,,"5,6",7,,,,,,,,,7,"5,2","6,1",,,,,,,"5,6","6,6",,,,,,,,"6,6","5,1","5,8","6,2",,,,,,"5,7","5,3","5,6",,,,,,,"5,4",,,,,,0,,,,,,0,"5,8",,,,,"5,8",,,,,,0,7,5,6,,,6,,7,,,,7,"6,8","6,5",7,7,,"6,8","6,5",7,,,,"6,7","6,5",7,7,,,"6,8",7,5,7,6,,"6,2",,"5,8",,,,"5,8",MB,MB,,,,MB,,,,,,0
24,Rojas Vildoso Benjamín Eduardo,"4,1",3,5,"3,4","5,2","3,5","3,6","6,5",,,"4,2","2,9","3,3","5,7",,,,,,,,"3,9","4,6",2,"3,5","3,4",,"3,3","3,4",4,,,,"3,7","4,1",7,6,"1,6",2,,,,,,"4,1",,,,,,,,,,,0,7,"5,5",6,"6,8",,,"6,3",4,"5,5",,,,,"4,7",5,3,7,,,5,,,,,,,,,,0,4,"6,3",,,,,,,"5,1","2,7",,,,,,,,"2,7","5,1","6,5","5,9",,,,,,"5,8","3,2",6,,,,,,,"4,6",,,,,,0,,,,,,0,4,,,,,4,,,,,,0,7,7,2,,,"5,3",7,,,,,7,7,7,7,"6,7",,"6,9",,,,,,0,"5,8","5,8",4,,,"5,2",7,2,5,7,,"5,2","4,1",,,,,"4,1",MB,MB,,,,MB,,,,,,0
25,Serrano Zumelzo Bruno Joaquín,"4,8","4,8",7,"5,7",3,"3,5","5,2","6,7",,,5,"6,6",,"3,8",,,,,,,,"5,2","4,9","5,6",6,6,,"5,6",,,,,,0,"5,1",7,"6,2",7,"6,6",,,,,,"6,3",,,,,,,,,,,0,7,"6,1",7,"6,8",,,"6,7","5,3",,,,,,"5,3","6,3",6,"5,6",,,"5,9",,,,,,,,,,0,4,7,,,,,,,"5,5","6,7",,,,,,,,"6,7","5,1","5,1",6,,,,,,"5,4","1,5",7,,,,,,,"4,2",,,,,,0,,,,,,0,4,,,,,4,,,,,,0,6,"5,5",2,,,"4,5","6,8",,,,,"6,8",7,7,7,7,,7,"6,5",,,,,"6,5","6,8",6,4,,,"5,6",7,"5,8",7,2,,"5,4",,,,,,0,MB,MB,,,,MB,,,,,,0
26,Soto Figueroa Constanza Belén,"6,8","6,4",7,"6,8",7,"6,8",7,"6,7",,,"6,8",7,7,"6,8",,,,,,,,"6,9",7,7,7,7,,7,7,7,,,,7,7,7,7,7,7,,,,,,7,,,,,,,,,,,0,"6,7","6,6",7,"6,8",,,"6,7",7,7,,,,,7,7,5,7,,,"6,3",7,,,,,,,,,7,"6,6","6,7",,,,,,,"6,6",7,,,,,,,,7,"5,1","6,8","6,4",,,,,,"6,1",7,"6,7",,,,,,,"6,8",,,,,,0,,,,,,0,"6,8",,,,,"6,8",,,,,,0,7,7,7,,,7,7,,,,,7,7,"6,5","6,7",7,,"6,8","6,5",7,,,,"6,7",7,7,7,,,7,7,7,7,7,,7,"6,7",,,,,"6,7",MB,MB,,,,MB,,,,,,0
27,Tapia Véliz Antonella Belén,"6,1",6,7,"6,8","6,1","6,8","6,6","6,9",,,"6,5","6,8",,"6,8",,,,,,,,"6,8","5,4","5,5","4,4","6,5",,"5,4",5,6,,,,"5,5",,"6,1",7,7,7,,,,,,"6,7",,,,,,,,,,,0,"6,5","6,1",7,"5,3",,,"6,2","6,8",7,,,,,"6,9","6,8",6,"5,6",,,"6,1",7,,,,,,,,,7,7,"5,3",,,,,,,"6,1","6,5",,,,,,,,"6,5","5,1","6,1","5,7",,,,,,"5,6",7,"5,6",,,,,,,"6,3",,,,,,0,,,,,,0,"6,6",,,,,"6,6",,,,,,0,7,7,7,,,7,7,7,,,,7,"6,8","6,5",7,7,,"6,8",7,7,,,,7,7,7,"6,8",,,"6,9",7,6,7,7,,"6,7","5,8","6,5",,,,"6,1",MB,MB,,,,MB,,,,,,0
28,Troncoso Escobar Renata Ignacia,"5,1","3,4",7,"5,7","6,7","4,5","5,4","6,5",,,"5,5",,"6,1","6,6",,,,,,,,"6,3","5,3","4,7","3,8",6,,"4,9",,5,,,,5,"6,3","6,5",7,7,6,,,,,,"6,5",,,,,,,,,,,0,"4,8","6,6","5,8",7,,,6,7,,,,,,7,7,6,"6,2",,,"6,4",7,,,,,,,,,7,"5,5","5,7",,,,,,,"5,6","4,5",,,,,,,,"4,5","4,5","6,8",7,,,,,,"6,1","5,3",6,,,,,,,"5,6",,,,,,0,,,,,,0,4,,,,,4,,,,,,0,6,5,2,,,"4,3",5,6,,,,"5,5","6,7",7,7,"6,7",,"6,8",,,,,,0,"6,9","6,8",7,,,"6,9",7,2,7,2,,"4,5","5,8","5,6",,,,"5,7",MB,MB,,,,MB,,,,,,0
29,Ureta Valenzuela Consthanza Catalina,"6,3","3,3",7,"6,3",7,"6,8",6,"6,7",,,"6,1",7,7,"6,8",,,,,,,,"6,9","5,1","6,1","6,2",7,,"6,1","6,6",6,,,,"6,3","6,6",7,7,"6,5",7,,,,,,"6,8",,,,,,,,,,,0,"6,5","6,6",7,7,,,"6,7","6,8",,,,,,"6,8",7,6,7,,,"6,6",7,,,,,,,,,7,7,"6,6",,,,,,,"6,8","5,3",,,,,,,,"5,3","5,1","6,3",7,,,,,,"6,1",7,"6,3",,,,,,,"6,6",,,,,,0,,,,,,0,"6,2",,,,,"6,2",,,,,,0,7,"4,5","6,8",,,"6,1",7,7,,,,7,"6,7",7,7,7,,"6,9",7,7,,,,7,"6,7",7,"6,5",,,"6,7",7,7,7,7,,7,,,,,,0,MB,MB,,,,MB,,,,,,0
30,Valenzuela Silva Darlyn Antonella,5,"5,8",7,"5,2","4,7","4,5","3,5","6,2",,,"5,2","4,3","2,3","6,3",,,,,,,,"4,3","3,4","4,7",7,"3,7",,"4,7",,2,,,,2,"4,3","6,3","6,3",4,"3,3",,,,,,"4,8",,,,,,,,,,,0,"5,3","6,4",7,7,,,"6,4","6,3",,,,,,"6,3","5,3","4,7","6,6",,,"5,5",,,,,,,,,,0,"5,6","6,6",,,,,,,"6,1","6,5",,,,,,,,"6,5","5,1",7,"6,2",,,,,,"6,1","5,3","5,6",,,,,,,"5,4",,,,,,0,,,,,,0,7,,,,,7,,,,,,0,"6,4","6,5","6,4",,,"6,4",7,5,,,,6,7,6,7,7,,"6,7",7,7,,,,7,7,"6,5",7,,,"6,8",7,2,4,2,,"3,7",7,"5,6",,,,"6,3",MB,MB,,,,MB,,,,,,0
31,Yáñez Salinas Matías Alejandro,"1,5","1,6",7,"3,5","3,8","4,3",3,6,,,"3,8","6,2","4,5","5,3",,,,,,,,"5,3",4,4,"2,6",4,,"3,6",,,,,,0,"4,2",7,"5,4","5,4",5,,,,,,"5,4",,,,,,,,,,,0,"6,7",5,2,5,,,"4,6","6,8",,,,,,"6,8",7,"4,7","5,6",,,"5,7",,,,,,,,,,0,"4,3",5,,,,,,,"4,6","1,5",,,,,,,,"1,5","5,1","6,3","2,8",,,,,,"4,7","1,5","1,9",,,,,,,"1,7",,,,,,0,,,,,,0,4,,,,,4,,,,,,0,6,"6,3","6,1",,,"6,1",,,,,,0,"5,6",7,"6,5","5,8",,"6,2",,,,,,0,4,7,4,,,5,7,2,4,4,,"4,2",,,,,,0,MB,MB,,,,MB,,,,,,0
,,,,,,,,,,,,,,,,,,,,,,,,,,,,,,,,,,,,,,,,,,,,,,,,,,,,,,,,,,,,,,,,,,,,,,,,,,,,,,,,,,,,,,,,,,,,,,,,,,,,,,,,,,,,,,,,,,,,,,,,,,,,,,,,,,,,,,,,,,,,,,,,,,,,,,,,,,,,,,,,,,,,,,,,,,,,,,,,,,,,,,,,,,,,,,,,,,,,,,,,,
33,lopez lopez mariana yurubi,5,"6,4",7,"6,4",7,"6,4",,,,,"6,3",,,7,,,,,,,,7,5,"4,9","5,5","6,5",,"5,4",,,,,,0,7,"3,8","4,8",7,,,,,,,"5,6",,,,,,,,,,,0,"6,5","4,3",7,7,7,7,"6,4",2,"6,7",,,,,"4,3","6,6","5,1","6,6",,,"6,1",,,,,,,,,,0,"4,3","6,2",,,,,,,"5,2","6,2",,,,,,,,"6,2",,,7,"6,7","5,4",,,,"6,3","5,6","5,6",,,,,,,"5,6",,,,,,0,,,,,,0,,,,,,0,,,,,,0,7,7,7,,,7,,,,,,0,,,,,,0,,,,,,0,,,,,,0,,,,,,0,"5,3","6,7",,,,6,MB,MB,,,,0,,,,,,0