N°,NOMBRE,LENGUAJE,,,,,,,,,,,LENGUAJE,,,,,,,,,,,INGLÉS,,,,,,INGLÉS,,,,,,MATEMÁTICA,,,,,,,,,,,MATEMÁTICA,,,,,,,,,,,CS. CIUDADANÍA,,,,,,CS. CIUDADANÍA,,,,,,,ED. CIUDADANA,,,,,,ED. CIUDADANA,,,,,,FILOSOFÍA,,,,,,FILOSOFÍA,,,,,,ELECTIVO,,,,,,ELECTIVO,,,,,,PROGRAMACIÓN BBDD,,,,,,,,,,,PROGRAMACIÓN BBDD,,,,,,,,,,,SOPORTE USUARIO Y PRODUCTIVIDAD,,,,,,,,,,,SOPORTE USUARIO Y PRODUCTIVIDAD,,,,,,,,,,,SISTEMA OPERATIVO,,,,,,,,,,,SISTEMA OPERATIVO,,,,,,,,,,,INSTALACIÓN Y CONF. EQUIPOS INFORMÁTICOS,,,,,,,,,,,INSTALACIÓN Y CONF. EQUIPOS INFORMÁTICOS,,,,,,,,,,,INSTALACIÓN DE REDES DE ÁREA LOCAL E INALÁMBRICA,,,,,,,,,,,INSTALACIÓN DE REDES DE ÁREA LOCAL E INALÁMBRICA,,,,,,,,,,,,,,,,
,,N1,N2,N3,N4,N5,N6,N7,N8,N9,N10,PROMEDIO,N1,N2,N3,N4,N5,N6,N7,N8,N9,N10,PROMEDIO,N1,N2,N3,N4,N5,PROMEDIO,N1,N2,N3,N4,N5,PROMEDIO,N1,N2,N3,N4,N5,N6,N7,N8,N9,N10,PROMEDIO,N1,N2,N3,N4,N5,N6,N7,N8,N9,N10,PROMEDIO,N1,N2,N3,N4,N5,PROMEDIO,N1,N2,N3,N4,N5,N6,PROMEDIO,N1,N2,N3,N4,N5,PROMEDIO,N1,N2,N3,N4,N5,PROMEDIO,N1,N2,N3,N4,N5,PROMEDIO,N1,N2,N3,N4,N5,PROMEDIO,N1,N2,N3,N4,N5,PROMEDIO,N1,N2,N3,N4,N5,PROMEDIO,N1,N2,N3,N4,N5,N6,N7,N8,N9,N10,PROMEDIO,N1,N2,N3,N4,N5,N6,N7,N8,N9,N10,PROMEDIO,N1,N2,N3,N4,N5,N6,N7,N8,N9,N10,PROMEDIO,N1,N2,N3,N4,N5,N6,N7,N8,N9,N10,PROMEDIO,N1,N2,N3,N4,N5,N6,N7,N8,N9,N10,PROMEDIO,N1,N2,N3,N4,N5,N6,N7,N8,N9,N10,PROMEDIO,N1,N2,N3,N4,N5,N6,N7,N8,N9,N10,PROMEDIO,N1,N2,N3,N4,N5,N6,N7,N8,N9,N10,PROMEDIO,N1,N2,N3,N4,N5,N6,N7,N8,N9,N10,PROMEDIO,N1,N2,N3,N4,N5,N6,N7,N8,N9,N10,PROMEDIO,N1,N2,N3,N4,N5,PROMEDIO
1,esparza ramírez sergio ignacio,"4,6",6,"5,8",6,"5,5","5,5",,,,,"5,5","6,2","4,9",,,,,,,,,"5,5","6,9",7,7,,,"6,9",,,,,,0,1,1,,,,,,,,,1,,,,,,,,,,,0,"2,3",6,4,,,"4,1",5,,,,,,5,7,7,7,,,7,,,,,,0,5,"6,6",3,7,,"5,4","6,4",,,,,"6,4","5,7","6,5","5,4",,,"5,8",,,,,,0,6,"4,8","4,1",4,,,,,,,"4,7","4,8",3,,,,,,,,,"3,9","4,5","6,5",6,,,,,,,,"5,6",,,,,,,,,,,0,7,"6,3",5,,,,,,,,"6,1",,,,,,,,,,,0,"6,6","6,1","6,5",6,,,,,,,"6,3",,,,,,,,,,,0,"6,3","6,3","6,4",,,,,,,,"6,3",3,,,,,,,,,,3,,,,,,0
2,labraña olmos jessy ximena,"6,4",7,6,6,"6,8","6,2",,,,,"6,4","6,5","6,5",,,,,,,,,"6,5",7,7,7,,,7,,,,,,0,"4,2",5,,,,,,,,,"4,6",,,,,,,,,,,0,"4,8","6,5","5,5",,,"5,6","6,5",,,,,,"6,5",7,"6,7","6,4",,,"6,7",,,,,,0,2,"6,6","6,4",7,,"5,5","6,4",,,,,"6,4",7,7,7,,,7,,,,,,0,7,7,"6,5",7,,,,,,,"6,8",7,7,,,,,,,,,7,7,7,7,,,,,,,,7,,,,,,,,,,,0,7,7,,,,,,,,,7,,,,,,,,,,,0,"5,8",7,6,"5,5",,,,,,,6,,,,,,,,,,,0,7,7,"6,5",,,,,,,,"6,8","5,2",,,,,,,,,,"5,2",,,,,,0
3,lópez añasco alejandra constanza,"6,7",7,"5,7",7,7,"6,2",,,,,"6,6",7,6,,,,,,,,,"6,5","6,4","6,8",7,,,"6,7",,,,,,0,"5,6","6,1","6,2",,,,,,,,"5,9",,,,,,,,,,,0,"5,3",7,"6,7",,,"6,3",7,,,,,,7,6,7,"6,4",,,"6,4",,,,,,0,"6,6",7,7,7,,"6,9",7,,,,,7,7,7,7,,,7,,,,,,0,7,"6,7","6,3",7,,,,,,,"6,7",7,7,,,,,,,,,7,7,"6,5",6,,,,,,,,"6,5",,,,,,,,,,,0,7,7,,,,,,,,,7,,,,,,,,,,,0,"6,5","6,4",7,7,"5,1",,,,,,"6,4",,,,,,,,,,,0,7,"6,1",7,,,,,,,,"6,7",7,,,,,,,,,,7,,,,,,0
4,martínez valdebenito jean ignacio,6,6,"5,7",7,5,"5,6",,,,,"5,8","5,8","5,6",,,,,,,,,"5,7","6,5","6,8",7,,,"6,7",,,,,,0,"4,6","6,6","6,5",,,,,,,,"5,9",,,,,,,,,,,0,4,"5,7",6,,,"5,2",7,,,,,,7,7,7,"5,5",,,"6,5",,,,,,0,"5,5","6,8",7,7,,"6,5","6,7",,,,,"6,7","6,7",7,7,,,"6,9",,,,,,0,"5,5","6,9",4,"6,6",,,,,,,"5,7","4,2",4,,,,,,,,,"4,1",6,4,6,,,,,,,,"5,3",,,,,,,,,,,0,7,"6,5","6,5",,,,,,,,"6,6",,,,,,,,,,,0,"5,8",7,"6,8","5,2","5,2",,,,,,6,,,,,,,,,,,0,"5,8","6,5","6,4",,,,,,,,"6,2","4,5",,,,,,,,,,"4,5",,,,,,0
5,moya reinoso maría ignacia,"5,8",6,"6,7","6,3","6,8","6,3",,,,,"6,3",,,,,,,,,,,0,"6,9",7,"6,8",,,"6,9",,,,,,0,"4,2","5,1","5,7",,,,,,,,5,,,,,,,,,,,0,"4,5","6,7",6,,,"5,7","6,5",,,,,,"6,5",6,"6,5",7,,,"6,5",,,,,,0,6,7,"6,4",6,,"6,3",,,,,,0,6,7,"6,5",,,"6,5",,,,,,0,"5,5","4,5",6,7,,,,,,,"5,7",7,7,,,,,,,,,7,7,4,5,,,,,,,,"5,3",,,,,,,,,,,0,7,3,4,,,,,,,,"4,6",,,,,,,,,,,0,"6,8","4,1",4,4,"4,1",,,,,,"4,6",,,,,,,,,,,0,"5,8","6,5",6,,,,,,,,"6,1",7,,,,,,,,,,7,,,,,,0
6,núñez mardones diego ignacio,"4,3",6,"4,8","3,5","4,6","2,8",,,,,"4,3","3,5","1,9",,,,,,,,,"2,7",4,"6,8",6,,,"5,6",,,,,,0,"3,6",6,"6,3",,,,,,,,"5,3",,,,,,,,,,,0,"3,5","6,3","4,7",,,"4,8",6,,,,,,6,"5,5",7,4,,,"5,5",,,,,,0,5,"6,2",7,"6,5",,"6,1","5,8",,,,,"5,8",6,"6,5",6,,,"6,1",,,,,,0,"6,3",7,6,"4,1",,,,,,,"5,8",7,"5,5",,,,,,,,,"6,2",6,4,6,,,,,,,,"5,3",,,,,,,,,,,0,7,"6,5",5,,,,,,,,"6,1",,,,,,,,,,,0,"5,2","5,1","5,8",5,"4,9",,,,,,"5,2",,,,,,,,,,,0,"6,6","6,1","6,6",,,,,,,,"6,4","4,6",,,,,,,,,,"4,6",,,,,,0
7,ponce figueroa vicente andrés,"5,8",7,6,"5,5","6,2","5,8",,,,,6,"4,3",3,,,,,,,,,"3,6","6,9","6,8",7,,,"6,9",,,,,,0,"6,6","6,6","6,3",,,,,,,,"6,5",,,,,,,,,,,0,"4,3",7,6,,,"5,7",7,,,,,,7,6,7,"6,4",,,"6,4",,,,,,0,"6,8",7,7,7,,"6,9","6,7",,,,,"6,7",7,7,7,,,7,,,,,,0,"6,3",7,7,"4,2",,,,,,,"6,1",7,7,,,,,,,,,7,7,7,7,,,,,,,,7,,,,,,,,,,,0,7,7,7,,,,,,,,7,,,,,,,,,,,0,7,"5,1","6,5",7,7,,,,,,"6,5",,,,,,,,,,,0,"6,6",7,7,,,,,,,,"6,8",4,,,,,,,,,,4,,,,,,0
8,ramírez ibarra benjamín antonio,"5,7","5,9","6,7",7,6,"4,5",,,,,"5,9",6,6,,,,,,,,,6,6,7,7,,,"6,6",,,,,,0,5,5,6,,,,,,,,"5,3",,,,,,,,,,,0,"4,8",7,"6,7",,,"6,1","6,3",,,,,,"6,3","5,5",6,"5,7",,,"5,7",,,,,,0,"5,5","6,6",6,7,,"6,2",,,,,,0,6,6,6,,,6,,,,,,0,7,7,6,"5,1",,,,,,,"6,2","6,3",7,,,,,,,,,"6,6","5,5","5,5",6,,,,,,,,"5,6",,,,,,,,,,,0,7,"5,5",6,,,,,,,,"6,1",,,,,,,,,,,0,6,"3,9","5,5","4,5","5,6",,,,,,"5,1",,,,,,,,,,,0,7,"6,6",7,,,,,,,,"6,8","5,8",,,,,,,,,,"5,8",,,,,,0
9,rivero lobos maitthe belén,5,6,"6,4","1,1",6,"6,1",,,,,"5,1","5,8","4,2",,,,,,,,,5,"5,8","6,8",5,,,"5,8",,,,,,0,"4,8","4,8","5,3",,,,,,,,"4,9",,,,,,,,,,,0,"1,5",6,4,,,"3,8","5,5",,,,,,"5,5","6,5",7,6,,,"6,5",,,,,,0,5,"6,8",3,7,,"5,4",7,,,,,7,6,7,7,,,"6,6",,,,,,0,"6,3","5,5",6,"6,1",,,,,,,"5,9","3,1",5,,,,,,,,,4,7,6,7,,,,,,,,"6,6",,,,,,,,,,,0,7,6,7,,,,,,,,"6,6",,,,,,,,,,,0,"6,3","6,9",6,7,"4,1",,,,,,6,,,,,,,,,,,0,"6,6","5,7",7,,,,,,,,"6,4","6,7",,,,,,,,,,"6,7",,,,,,0
10,ruiz espinoza martín adolfo,"4,3",7,"3,8",6,"6,4",4,,,,,"5,2","2,5","4,2",,,,,,,,,"3,3","6,5",7,7,,,"6,8",,,,,,0,1,"2,6",6,,,,,,,,"3,2",,,,,,,,,,,0,4,6,5,,,5,"6,3",,,,,,"6,3",7,7,"6,7",,,"6,9",,,,,,0,4,"6,5","5,5","5,3",,"5,3",7,,,,,7,7,7,7,,,7,,,,,,0,"3,5",6,7,"6,9",,,,,,,"5,8","5,1",7,,,,,,,,,6,4,"5,5","5,5",,,,,,,,5,,,,,,,,,,,0,7,7,"6,5",,,,,,,,"6,8",,,,,,,,,,,0,"5,5",7,"6,8",5,"5,6",,,,,,"5,9",,,,,,,,,,,0,"4,5","5,8",7,,,,,,,,"5,7","6,1",,,,,,,,,,"6,1",,,,,,0
11,ruiz sáez christopher damián,7,7,7,7,7,6,,,,,"6,8","6,3","5,2",,,,,,,,,"5,7",7,7,7,,,7,,,,,,0,7,7,7,,,,,,,,7,,,,,,,,,,,0,"6,8",7,"6,3",,,"6,7",7,,,,,,7,7,7,"6,7",,,"6,9",,,,,,0,7,7,7,7,,7,7,,,,,7,7,7,7,,,7,,,,,,0,7,7,7,6,,,,,,,"6,7",7,7,,,,,,,,,7,7,7,7,,,,,,,,7,,,,,,,,,,,0,7,7,"6,5",,,,,,,,"6,8",,,,,,,,,,,0,7,"6,4",7,"4,5",7,,,,,,"6,3",,,,,,,,,,,0,7,7,7,,,,,,,,7,"6,4",7,,,,,,,,,"6,7",,,,,,0
12,sanhueza cabello miguel jesus,7,7,"6,7",7,7,"6,5",,,,,"6,8",7,"6,5",,,,,,,,,"6,7",7,7,7,,,7,,,,,,0,"6,5",7,7,,,,,,,,"6,8",,,,,,,,,,,0,"6,7",7,"6,7",,,"6,8","6,7",,,,,,"6,7",7,7,7,,,7,,,,,,0,7,7,7,7,,7,7,,,,,7,7,7,7,,,7,,,,,,0,7,"6,9",7,"6,7",,,,,,,"6,9",7,7,,,,,,,,,7,"6,5","6,5",7,,,,,,,,"6,6",,,,,,,,,,,0,7,7,7,,,,,,,,7,,,,,,,,,,,0,7,7,"6,9",7,"5,9",,,,,,"6,7",,,,,,,,,,,0,7,"6,1",7,,,,,,,,"6,7",7,7,,,,,,,,,7,,,,,,0
13,schiller pérez elías joel,"6,8",6,"5,4","6,3","5,5",6,,,,,6,"6,1","4,6",,,,,,,,,"5,3","6,6",7,7,,,"6,8",,,,,,0,4,"2,1",4,,,,,,,,"3,3",,,,,,,,,,,0,"4,5",6,6,,,"5,5","4,5",,,,,,"4,5","6,6",7,"6,4",,,"6,6",,,,,,0,"6,4","6,6",7,6,,"6,5","6,4",,,,,"6,4",7,7,7,,,7,,,,,,0,"5,5",4,5,"4,4",,,,,,,"4,7",5,7,,,,,,,,,6,6,5,,,,,,,,,"5,5",,,,,,,,,,,0,7,"6,5",7,,,,,,,,"6,8",,,,,,,,,,,0,7,"4,5",7,4,"4,5",,,,,,"5,4",,,,,,,,,,,0,"5,8",4,5,,,,,,,,"4,9",4,,,,,,,,,,4,,,,,,0
14,vergara olmos matías antonio,"5,8","6,2","5,8","6,2","6,2",6,,,,,6,"4,3",,,,,,,,,,"4,3",6,6,"6,5",,,"6,1",,,,,,0,7,7,7,,,,,,,,7,,,,,,,,,,,0,"6,7",7,"6,7",,,"6,8","6,3",,,,,,"6,3",6,7,"6,4",,,"6,4",,,,,,0,6,"6,2","6,1",7,,"6,3",7,,,,,7,"6,5","6,7",7,,,"6,7",,,,,,0,7,6,"6,7","5,5",,,,,,,"6,3","4,6",3,,,,,,,,,"3,8","6,5",6,6,,,,,,,,"6,1",,,,,,,,,,,0,7,7,6,,,,,,,,"6,6",,,,,,,,,,,0,"5,5",7,"5,5",5,"5,6",,,,,,"5,7",,,,,,,,,,,0,7,"5,8","6,5",,,,,,,,"6,4","4,6",,,,,,,,,,"4,6",,,,,,0
15,vivanco palacios sergio sebastián,5,6,"5,6","6,3","5,3","5,6",,,,,"5,6",7,"2,7",,,,,,,,,"4,8","5,3","5,3",6,,,"5,5",,,,,,0,"5,6","5,6","6,7",,,,,,,,"5,9",,,,,,,,,,,0,"2,3",7,"6,7",,,"5,3",6,,,,,,6,"6,2",7,"5,5",,,"6,2",,,,,,0,2,"4,5",7,"6,3",,"4,9",7,,,,,7,7,6,"6,5",,,"6,5",,,,,,0,7,6,6,"6,3",,,,,,,"6,3",7,7,,,,,,,,,7,6,7,"6,5",,,,,,,,"6,5",,,,,,,,,,,0,7,7,7,,,,,,,,7,,,,,,,,,,,0,5,"3,4",7,"6,5",4,,,,,,"5,1",,,,,,,,,,,0,7,7,"6,5",,,,,,,,"6,8","2,3",,,,,,,,,,"2,3",,,,,,0
16,varas lópez felipe benjamín,"4,1",7,"5,7","1,1","5,7","1,4",,,,,"4,1","3,2","4,2",,,,,,,,,"3,7",6,7,7,,,"6,6",,,,,,0,"3,5","3,4",1,,,,,,,,"2,6",,,,,,,,,,,0,"2,7","6,7",6,,,"5,1","4,5",,,,,,"4,5","6,6",7,6,,,"6,5",,,,,,0,"6,3",7,7,7,,"6,8",7,,,,,7,"6,5","6,8",7,,,"6,7",,,,,,0,"5,5",1,"4,1",4,,,,,,,"3,6","4,7",,,,,,,,,,"4,7","5,5","4,3",4,,,,,,,,"4,6",,,,,,,,,,,0,7,"3,5","6,5",,,,,,,,"5,6",,,,,,,,,,,0,"5,5",7,"5,8",6,"4,1",,,,,,"5,6",,,,,,,,,,,0,"5,8",1,"6,4",,,,,,,,"4,4",4,,,,,,,,,,4,,,,,,0
17,brichetto sandoval giulianna martina,5,7,"5,3","6,4","5,8","3,2",,,,,"5,4","5,1","2,9",,,,,,,,,4,7,7,7,,,7,,,,,,0,"1,2",3,7,,,,,,,,"3,7",,,,,,,,,,,0,"2,8",6,"5,7",,,"4,8",6,,,,,,6,7,7,7,,,7,,,,,,0,"4,3","6,5",7,7,,"6,2","6,7",,,,,"6,7","5,2","6,5",4,,,"5,2",,,,,,0,"3,5","4,2","4,3","6,3",,,,,,,"4,5","3,2",7,,,,,,,,,"5,1",7,6,"6,5",,,,,,,,"6,5",,,,,,,,,,,0,7,5,"5,5",,,,,,,,"5,8",,,,,,,,,,,0,"5,9","6,4","6,5",6,"4,1",,,,,,"5,7",,,,,,,,,,,0,"4,2","4,4","5,5",,,,,,,,"4,7","5,8",,,,,,,,,,"5,8",,,,,,0
18,núñez santibáñez elías moisés,"5,5",7,"4,8",7,"4,8","1,8",,,,,"5,1","4,7","4,8",,,,,,,,,"4,7","5,3","6,8",7,,,"6,3",,,,,,0,,,,,,,,,,,0,,,,,,,,,,,0,"3,2","6,7","3,5",,,"4,4","5,3",,,,,,"5,3",4,,"6,7",,,"5,3",,,,,,0,"3,2",6,"5,4",7,,"5,4",7,,,,,7,"6,1",7,6,,,"6,3",,,,,,0,,,,,,,,,,,0,4,"1,5",3,,,,,,,,"2,8",,,,,,,,,,,0,,,,,,,,,,,0,,,,,,,,,,,0,,,,,,,,,,,0,6,"5,7","5,5","6,1","5,2",,,,,,"5,7",,,,,,,,,,,0,,,,,,,,,,,0,"4,9",,,,,,,,,,"4,9",,,,,,0
19,,,,,,,,,,,,0,,,,,,,,,,,0,,,,,,0,,,,,,0,,,,,,,,,,,0,,,,,,,,,,,0,,,,,,0,,,,,,,0,,,,,,0,,,,,,0,,,,,,0,,,,,,0,,,,,,0,,,,,,0,,,,,,,,,,,0,,,,,,,,,,,0,,,,,,,,,,,0,,,,,,,,,,,0,,,,,,,,,,,0,,,,,,,,,,,0,,,,,,,,,,,0,,,,,,,,,,,0,,,,,,,,,,,0,,,,,,,,,,,0,,,,,,0
20,,,,,,,,,,,,0,,,,,,,,,,,0,,,,,,0,,,,,,0,,,,,,,,,,,0,,,,,,,,,,,0,,,,,,0,,,,,,,0,,,,,,0,,,,,,0,,,,,,0,,,,,,0,,,,,,0,,,,,,0,,,,,,,,,,,0,,,,,,,,,,,0,,,,,,,,,,,0,,,,,,,,,,,0,,,,,,,,,,,0,,,,,,,,,,,0,,,,,,,,,,,0,,,,,,,,,,,0,,,,,,,,,,,0,,,,,,,,,,,0,,,,,,0
21,,,,,,,,,,,,0,,,,,,,,,,,0,,,,,,0,,,,,,0,,,,,,,,,,,0,,,,,,,,,,,0,,,,,,0,,,,,,,0,,,,,,0,,,,,,0,,,,,,0,,,,,,0,,,,,,0,,,,,,0,,,,,,,,,,,0,,,,,,,,,,,0,,,,,,,,,,,0,,,,,,,,,,,0,,,,,,,,,,,0,,,,,,,,,,,0,,,,,,,,,,,0,,,,,,,,,,,0,,,,,,,,,,,0,,,,,,,,,,,0,,,,,,0
22,,,,,,,,,,,,0,,,,,,,,,,,0,,,,,,0,,,,,,0,,,,,,,,,,,0,,,,,,,,,,,0,,,,,,0,,,,,,,0,,,,,,0,,,,,,0,,,,,,0,,,,,,0,,,,,,0,,,,,,0,,,,,,,,,,,0,,,,,,,,,,,0,,,,,,,,,,,0,,,,,,,,,,,0,,,,,,,,,,,0,,,,,,,,,,,0,,,,,,,,,,,0,,,,,,,,,,,0,,,,,,,,,,,0,,,,,,,,,,,0,,,,,,0
23,,,,,,,,,,,,0,,,,,,,,,,,0,,,,,,0,,,,,,0,,,,,,,,,,,0,,,,,,,,,,,0,,,,,,0,,,,,,,0,,,,,,0,,,,,,0,,,,,,0,,,,,,0,,,,,,0,,,,,,0,,,,,,,,,,,0,,,,,,,,,,,0,,,,,,,,,,,0,,,,,,,,,,,0,,,,,,,,,,,0,,,,,,,,,,,0,,,,,,,,,,,0,,,,,,,,,,,0,,,,,,,,,,,0,,,,,,,,,,,0,,,,,,0
24,,,,,,,,,,,,0,,,,,,,,,,,0,,,,,,0,,,,,,0,,,,,,,,,,,0,,,,,,,,,,,0,,,,,,0,,,,,,,0,,,,,,0,,,,,,0,,,,,,0,,,,,,0,,,,,,0,,,,,,0,,,,,,,,,,,0,,,,,,,,,,,0,,,,,,,,,,,0,,,,,,,,,,,0,,,,,,,,,,,0,,,,,,,,,,,0,,,,,,,,,,,0,,,,,,,,,,,0,,,,,,,,,,,0,,,,,,,,,,,0,,,,,,0
25,,,,,,,,,,,,0,,,,,,,,,,,0,,,,,,0,,,,,,0,,,,,,,,,,,0,,,,,,,,,,,0,,,,,,0,,,,,,,0,,,,,,0,,,,,,0,,,,,,0,,,,,,0,,,,,,0,,,,,,0,,,,,,,,,,,0,,,,,,,,,,,0,,,,,,,,,,,0,,,,,,,,,,,0,,,,,,,,,,,0,,,,,,,,,,,0,,,,,,,,,,,0,,,,,,,,,,,0,,,,,,,,,,,0,,,,,,,,,,,0,,,,,,0
26,,,,,,,,,,,,0,,,,,,,,,,,0,,,,,,0,,,,,,0,,,,,,,,,,,0,,,,,,,,,,,0,,,,,,0,,,,,,,0,,,,,,0,,,,,,0,,,,,,0,,,,,,0,,,,,,0,,,,,,0,,,,,,,,,,,0,,,,,,,,,,,0,,,,,,,,,,,0,,,,,,,,,,,0,,,,,,,,,,,0,,,,,,,,,,,0,,,,,,,,,,,0,,,,,,,,,,,0,,,,,,,,,,,0,,,,,,,,,,,0,,,,,,0
27,,,,,,,,,,,,0,,,,,,,,,,,0,,,,,,0,,,,,,0,,,,,,,,,,,0,,,,,,,,,,,0,,,,,,0,,,,,,,0,,,,,,0,,,,,,0,,,,,,0,,,,,,0,,,,,,0,,,,,,0,,,,,,,,,,,0,,,,,,,,,,,0,,,,,,,,,,,0,,,,,,,,,,,0,,,,,,,,,,,0,,,,,,,,,,,0,,,,,,,,,,,0,,,,,,,,,,,0,,,,,,,,,,,0,,,,,,,,,,,0,,,,,,0
28,,,,,,,,,,,,0,,,,,,,,,,,0,,,,,,0,,,,,,0,,,,,,,,,,,0,,,,,,,,,,,0,,,,,,0,,,,,,,0,,,,,,0,,,,,,0,,,,,,0,,,,,,0,,,,,,0,,,,,,0,,,,,,,,,,,0,,,,,,,,,,,0,,,,,,,,,,,0,,,,,,,,,,,0,,,,,,,,,,,0,,,,,,,,,,,0,,,,,,,,,,,0,,,,,,,,,,,0,,,,,,,,,,,0,,,,,,,,,,,0,,,,,,0
29,,,,,,,,,,,,0,,,,,,,,,,,0,,,,,,0,,,,,,0,,,,,,,,,,,0,,,,,,,,,,,0,,,,,,0,,,,,,,0,,,,,,0,,,,,,0,,,,,,0,,,,,,0,,,,,,0,,,,,,0,,,,,,,,,,,0,,,,,,,,,,,0,,,,,,,,,,,0,,,,,,,,,,,0,,,,,,,,,,,0,,,,,,,,,,,0,,,,,,,,,,,0,,,,,,,,,,,0,,,,,,,,,,,0,,,,,,,,,,,0,,,,,,0