,NOMBRE,LENGUAJE,,,,,,,,,,,LENGUAJE,,,,,,,,,,,INGLÉS,,,,,,INGLÉS,,,,,,MATEMÁTICA,,,,,,MATEMÁTICA,,,,,,CS. CIUDADANÍA,,,,,,CS. CIUDADANÍA,,,,,,ED. CIUDADANA,,,,,,ED. CIUDADANA,,,,,,FILOSOFÍA,,,,,,FILOSOFÍA,,,,,,EMPRENDIMIENTO,,,,,,EMPRENDIMIENTO,,,,,,ELECTIVO,,,,,,ELECTIVO,,,,,,AC. EDUCATIVAS PARA P.,,,,,,,,,,,AC. EDUCATIVAS PARA P.,,,,,,,,,,,EXP. LITERARIA Y TETRAL,,,,,,,,,,,EXP. LITERARIA Y TETRAL,,,,,,,,,,,HIGIENE Y SEGURIDAD EN LOS PÁRVULOS,,,,,,,,,,,HIGIENE Y SEGURIDAD EN LOS PÁRVULOS,,,,,,,,,,,ALIMENTACIÓN,,,,,,,,,,,ALIMENTACIÓN,,,,,,,,,,,AT. DEL MENOR DE 6 AÑOS,,,,,,,,,,,AT. DEL MENOR DE 6 AÑOS,,,,,,,,,,,,,,,,
,,N1,N2,N3,N4,N5,N6,N7,N8,N9,N10,PROMEDIO,N1,N2,N3,N4,N5,N6,N7,N8,N9,N10,PROMEDIO,N1,N2,N3,N4,N5,PROMEDIO,N1,N2,N3,N4,N5,PROMEDIO,N1,N2,N3,N4,N5,PROMEDIO,N1,N2,N3,N4,N5,PROMEDIO,N1,N2,N3,N4,N5,PROMEDIO,N1,N2,N3,N4,N5,PROMEDIO,N1,N2,N3,N4,N5,PROMEDIO,N1,N2,N3,N4,N5,PROMEDIO,N1,N2,N3,N4,N5,PROMEDIO,N1,N2,N3,N4,N5,PROMEDIO,N1,N2,N3,N4,N5,PROMEDIO,N1,N2,N3,N4,N5,PROMEDIO,N1,N2,N3,N4,N5,PROMEDIO,N1,N2,N3,N4,N5,PROMEDIO,N1,N2,N3,N4,N5,N6,N7,N8,N9,N10,PROMEDIO,N1,N2,N3,N4,N5,N6,N7,N8,N9,N10,PROMEDIO,N1,N2,N3,N4,N5,N6,N7,N8,N9,N10,PROMEDIO,N1,N2,N3,N4,N5,N6,N7,N8,N9,N10,PROMEDIO,N1,N2,N3,N4,N5,N6,N7,N8,N9,N10,PROMEDIO,N1,N2,N3,N4,N5,N6,N7,N8,N9,N10,PROMEDIO,N1,N2,N3,N4,N5,N6,N7,N8,N9,N10,PROMEDIO,N1,N2,N3,N4,N5,N6,N7,N8,N9,N10,PROMEDIO,N1,N2,N3,N4,N5,N6,N7,N8,N9,N10,PROMEDIO,N1,N2,N3,N4,N5,N6,N7,N8,N9,N10,PROMEDIO,N1,N2,N3,N4,N5,PROMEDIO
1,aceituno flores ledy scarlett,"5,6","5,5",,,,,,,,,"5,5",,,,,,,,,,,0,"6,8","4,2",,,,"5,5",,,,,,0,"5,5","6,6","6,5",,,"6,2",,,,,,0,"4,3",7,7,,,"6,1","6,5",7,,,,"6,7","5,2","6,2",7,7,,"6,3",7,,,,,7,7,"6,5","6,5",6,,"6,5",,,,,,0,4,7,"6,6",7,,"6,1","6,6","1,3",,,,"3,9","6,8","6,5",7,,,"6,7",,,,,,0,7,7,7,7,7,7,"6,5","6,9",,,"6,9",7,7,7,,,,,,,,7,"6,3","6,8",7,"6,7",7,7,"6,6",,,,"6,7",7,7,"6,9",,,,,,,,"6,9",7,"6,2",7,"6,4","6,7",7,,,,,"6,7",,,,,,,,,,,0,7,7,7,"6,2",,,,,,,"6,8",7,,,,,,,,,,7,7,7,,,,,,,,,7,"6,5",,,,,,,,,,"6,5",,,,,,0
2,aros hernández eimmylee alina,"6,9","6,3",,,,,,,,,"6,6",,,,,,,,,,,0,,,,,,0,,,,,,0,"4,6","5,4","5,6",,,"5,2",,,,,,0,"1,5","6,3","3,5",,,"3,7","3,2",4,,,,"3,6","3,7","6,4","5,3",6,,"5,3",7,,,,,7,"4,3","5,1",6,"5,5",,"5,2",,,,,,0,4,"4,7",2,2,,"3,1","6,6",6,,,,"6,3","5,1","6,5",7,,,"6,2",,,,,,0,"4,5","5,2",2,"5,5","6,8",2,"3,1","4,1",,,"4,1",6,,5,,,,,,,,"5,5",2,"5,8","6,3",5,6,"4,6","2,8",,,,"4,6","5,3","5,3",2,,,,,,,,"4,2",5,4,5,5,6,"6,9",,,,,"5,3",,,,,,,,,,,0,"4,7",5,"6,5","3,5",,,,,,,"4,9",,,,,,,,,,,0,5,"4,5",,,,,,,,,"4,7",,,,,,,,,,,0,,,,,,0
3,caileo olivares juan de dios,"5,5",7,,,,,,,,,"6,2",,,,,,,,,,,0,"6,3","5,3",,,,"5,8",,,,,,0,"6,1","6,2","6,5",,,"6,2",,,,,,0,"6,7",7,7,,,"6,9","6,5",7,,,,"6,7","6,3",7,7,"6,1",,"6,6",7,,,,,7,"6,1",7,7,7,,"6,7",,,,,,0,"4,9",7,"6,6",7,,"6,3","6,6","5,1",,,,"5,8",7,7,7,,,7,,,,,,0,7,7,7,"6,5","6,9","6,4","6,3","6,7",,,"6,7","6,8",7,7,,,,,,,,"6,9",7,"6,7","6,7","6,5","6,9",7,"6,4",,,,"6,7",7,"6,8",7,,,,,,,,"6,9","6,5","6,2",7,"6,6","6,7",7,,,,,"6,6",,,,,,,,,,,0,"5,7",7,7,"6,6",,,,,,,"6,5",7,,,,,,,,,,7,"6,8",7,,,,,,,,,"6,9",6,,,,,,,,,,6,,,,,,0
4,donoso venegas javiera andrea,"5,6","5,9",,,,,,,,,"5,7",,,,,,,,,,,0,,,,,,0,,,,,,0,,"6,8",,,,"6,8",,,,,,0,"6,7",7,"6,7",,,"6,8","6,3",5,,,,"5,6","6,9",7,"6,9",7,,"6,9",6,,,,,6,6,6,7,"6,8",,"6,4",,,,,,0,"5,6","6,8","6,3","6,8",,"6,3","6,2","5,9",,,,6,7,7,7,,,7,,,,,,0,7,7,"6,5","6,5",7,7,7,"6,8",,,"6,8","6,8","6,5","6,8",,7,,,,,,"6,7",7,6,7,6,6,"6,7","6,6",,,,"6,4","6,5","6,6","6,5",,,,,,,,"6,5",7,"6,5",6,7,"6,5",7,,,,,"6,6",,,,,,,,,,,0,7,7,7,"6,2",,,,,,,"6,8",,,,,,,,,,,0,7,7,,,,,,,,,7,,,,,,,,,,,0,,,,,,0
5,flores montes ayelén sonia isabella,5,7,,,,,,,,,6,,,,,,,,,,,0,6,"4,5",,,,"5,2",,,,,,0,"4,1","6,7","4,5",,,"5,1",,,,,,0,5,7,7,,,"6,3","6,2",7,,,,"6,6","5,7","6,5","6,2",7,,"6,3",7,,,,,7,"6,1",7,7,"6,5",,"6,6",,,,,,0,"4,5","6,9","6,8",7,,"6,3","6,2",,,,,"6,2","5,8","6,5",5,,,"5,7",,,,,,0,7,7,7,6,"6,9",7,"5,6","6,6",,,"6,6",7,,,,,,,,,,7,"6,7",5,"6,9","6,3",7,7,"5,9",,,,"6,4","6,8","6,6",,,,,,,,,"6,7","6,8",7,7,7,"6,9",7,,,,,"6,9",,,,,,,,,,,0,"6,2",7,7,"5,8",,,,,,,"6,5",7,,,,,,,,,,7,"6,5","6,8",,,,,,,,,"6,6",,,,,,,,,,,0,,,,,,0
6,león valdés antonia paz,"2,8","6,6",,,,,,,,,"4,7",,,,,,,,,,,0,,5,,,,5,,,,,,0,3,"6,6",,,,"4,8",,,,,,0,"6,3","6,5",7,,,"6,6",,5,,,,5,"4,6","6,5",5,7,,"5,7","6,3",,,,,"6,3","5,2",6,"6,6","5,3",,"5,7",,,,,,0,"3,3","5,6","6,6",2,,"4,3","5,3","1,5",,,,"3,4",7,"6,3",5,,,"6,1",,,,,,0,7,"6,2",6,5,"5,7",5,5,"5,7",,,"5,7",4,,"6,5",,,,,,,,"5,2","5,7","5,1","6,2","6,3","6,4","5,8","6,1",,,,"5,9",,"6,2","4,5",,,,,,,,"5,3",5,"5,7",5,"6,1","6,5","6,8",,,,,"5,8",,,,,,,,,,,0,"6,2","6,2",7,"5,3",,,,,,,"6,1",,,,,,,,,,,0,5,"6,5",,,,,,,,,"5,7",,,,,,,,,,,0,,,,,,0
7,martínez hidalgo tatiana anaís,"5,7","6,5",,,,,,,,,"6,1",,,,,,,,,,,0,"4,8",4,,,,"4,4",,,,,,0,"5,1","6,7","6,5",,,"6,1",,,,,,0,"6,5",7,7,,,"6,8","6,5",7,,,,"6,7",7,7,"6,6",7,,"6,9",7,,,,,7,"6,1",7,"6,8",7,,"6,7",,,,,,0,4,"5,6","6,3",7,,"5,7","6,6","5,4",,,,6,7,7,7,,,7,,,,,,0,7,7,7,7,7,7,"6,9","6,9",,,"6,9",7,7,7,,,,,,,,7,"6,7","6,6",7,7,"6,9",7,7,,,,"6,8",7,7,"6,9",,,,,,,,"6,9",7,7,7,7,"6,9",7,,,,,"6,9",,,,,,,,,,,0,7,7,7,7,,,,,,,7,7,,,,,,,,,,7,7,7,,,,,,,,,7,7,,,,,,,,,,7,,,,,,0
8,osses mora sofía carolina,6,7,,,,,,,,,"6,5",,,,,,,,,,,0,"5,3","6,1",,,,"5,7",,,,,,0,"5,5","6,9","6,5",,,"6,3",,,,,,0,"4,3",7,7,,,"6,1","6,5",7,,,,"6,7","5,4",7,"6,6",7,,"6,5",7,,,,,7,7,6,"6,8",6,,"6,4",,,,,,0,"5,6",7,"6,6",7,,"6,5",7,"6,7",,,,"6,8",7,7,7,,,7,,,,,,0,7,7,7,7,"6,9",7,"6,8","6,9",,,"6,9",7,7,"6,8",,,,,,,,"6,9",7,"6,8","6,7",7,7,7,7,,,,"6,9",7,7,"6,5",,,,,,,,"6,8",7,7,7,7,"6,9",7,,,,,"6,9",,,,,,,,,,,0,7,7,7,"6,6",,,,,,,"6,9",7,,,,,,,,,,7,7,7,,,,,,,,,7,"6,8",,,,,,,,,,"6,8",,,,,,0
9,pajuelo castillo florencia antonia,3,4,,,,,,,,,"3,5",,,,,,,,,,,0,"4,6","4,5",,,,"4,5",,,,,,0,"4,5",,,,,"4,5",,,,,,0,4,"5,5",7,,,"5,5",,7,,,,7,"4,1","6,2","4,1",7,,"5,3",7,,,,,7,"6,1",7,6,"5,8",,"6,2",,,,,,0,4,6,"6,1",5,,"5,2","6,2",2,,,,"4,1","6,5",5,4,,,"5,1",,,,,,0,"6,7","6,9","5,5",6,7,6,"5,9","6,2",,,"6,2",5,,7,,,,,,,,6,"4,1",6,7,"5,3","6,4","5,3","5,9",,,,"5,7",7,"5,3","6,6",,,,,,,,"6,3",6,"5,3",7,"5,9","6,8",7,,,,,"6,3",,,,,,,,,,,0,7,7,6,4,,,,,,,6,6,,,,,,,,,,6,6,7,,,,,,,,,"6,5",,,,,,,,,,,0,,,,,,0
10,pezoa escobar juliana ashly eva,5,"5,5",,,,,,,,,"5,2",,,,,,,,,,,0,"6,5","4,5",,,,"5,5",,,,,,0,3,"6,7",2,,,"3,9",,,,,,0,"6,5",7,7,,,"6,8","6,5",6,,,,"6,2","6,3",7,"6,2",7,,"6,6",7,,,,,7,"6,1",7,7,"6,8",,"6,7",,,,,,0,4,"6,9","6,8",7,,"6,1","6,2","1,6",,,,"3,9","6,3","6,5",7,,,"6,6",,,,,,0,7,"6,5","6,5","6,5","6,4",7,"6,1","6,5",,,"6,5",6,,,,,,,,,,6,"6,7",6,7,"6,5","6,9","6,7","6,6",,,,"6,6","5,5",7,"6,5",,,,,,,,"6,3","6,8",7,6,"6,8",7,"6,9",,,,,"6,7",,,,,,,,,,,0,7,7,7,"6,2",,,,,,,"6,8","6,5",,,,,,,,,,"6,5","6,5","6,8",,,,,,,,,"6,6",,,,,,,,,,,0,,,,,,0
11,pineda ruiz fernanda millaray,"6,3","6,2",,,,,,,,,"6,2",,,,,,,,,,,0,"4,5",4,,,,"4,2",,,,,,0,,2,2,,,2,,,,,,0,4,"6,3",4,,,"4,7",,"1,5",,,,"1,5","5,2",7,"5,7","5,9",,"5,9",,,,,,0,7,6,"6,8","6,6",,"6,6",,,,,,0,4,6,"6,1",2,,"4,5",2,"5,9",,,,"3,9",4,4,4,,,4,,,,,,0,4,"4,2","5,5",5,4,2,"3,3",4,,,4,2,,,,,,,,,,2,"4,7",4,,"5,1",,"6,3","4,8",,,,"4,9","4,2",,4,,,,,,,,"4,1","6,8","6,8",2,"6,6","6,4","6,6",,,,,"5,8",,,,,,,,,,,0,"5,3",7,6,"4,9",,,,,,,"5,8",,,,,,,,,,,0,5,2,,,,,,,,,"3,5",,,,,,,,,,,0,,,,,,0
12,salas sandoval constanza sofía,5,7,,,,,,,,,6,,,,,,,,,,,0,"5,7","4,5",,,,"5,1",,,,,,0,"6,5","6,2",,,,"6,3",,,,,,0,"6,5",7,7,,,"6,8","6,5",7,,,,"6,7","5,8","6,7","5,4",7,,"6,2","6,7",,,,,"6,7",7,7,7,"6,8",,"6,9",,,,,,0,5,6,"6,1","6,3",,"5,8","6,2","3,5",,,,"4,8","6,9",7,7,,,"6,9",,,,,,0,7,7,6,"6,5",7,7,"5,4","6,5",,,"6,5","6,5","6,8",7,,,,,,,,"6,7",7,"6,6",7,"6,5","6,9",7,7,,,,"6,8",7,"6,6",7,,,,,,,,"6,8","6,5","6,2",7,"6,4","6,7",7,,,,,"6,6",,,,,,,,,,,0,"6,2",7,7,"6,2",,,,,,,"6,6",7,,,,,,,,,,7,7,7,,,,,,,,,7,,,,,,,,,,,0,,,,,,0
13,tirado vergara zamira antonella,"4,2","5,1",,,,,,,,,"4,6",,,,,,,,,,,0,4,5,,,,"4,5",,,,,,0,"6,6","6,9",,,,"6,7",,,,,,0,"6,7","5,8",7,,,"6,5","6,5",5,,,,"5,7",7,7,"5,5",7,,"6,6","6,3",,,,,"6,3",7,"6,7","6,8","6,3",,"6,7",,,,,,0,"4,3","5,6","6,6",2,,"4,6","5,8","3,2",,,,"4,5",7,"6,3",7,,,"6,7",,,,,,0,"6,8","6,8","6,5","5,5",7,"6,4","6,5","6,5",,,"6,5",,,,,,,,,,,0,"6,3","6,8",7,"6,3","6,9","6,1",7,,,,"6,6",7,"6,6","6,9",,,,,,,,"6,8",6,"6,7",5,"6,6",6,7,,,,,"6,2",,,,,,,,,,,0,"6,7","5,3",7,"6,6",,,,,,,"6,4",,,,,,,,,,,0,3,"6,5",,,,,,,,,"4,7",,,,,,,,,,,0,,,,,,0
14,zapata funes ana pilar,5,"4,2",,,,,,,,,"4,6",,,,,,,,,,,0,4,2,,,,3,,,,,,0,6,2,"5,6",,,"4,5",,,,,,0,5,7,7,,,"6,3","6,2",7,,,,"6,6","4,6",7,"4,3",7,,"5,7",7,,,,,7,"5,5","6,5",6,5,,"5,7",,,,,,0,2,"4,7",4,7,,"4,4","5,8",4,,,,"4,9","6,4","6,5",7,,,"6,6",,,,,,0,7,7,7,7,"6,8",7,"4,8","6,6",,,"6,6",7,,,,,,,,,,7,"4,1",6,7,"5,8","6,9",4,"5,9",,,,"5,6","5,5","4,1","6,3",,,,,,,,"5,3","6,5",5,"6,5","6,1","6,6",7,,,,,"6,2",,,,,,,,,,,0,"2,3","6,3",7,"6,6",,,,,,,"5,5",,,,,,,,,,,0,"6,8","5,5",,,,,,,,,"6,1",,,,,,,,,,,0,,,,,,0
15,,,,,,,,,,,,0,,,,,,,,,,,0,,,,,,0,,,,,,0,,,,,,0,,,,,,0,,,,,,0,,,,,,0,,,,,,0,,,,,,0,,,,,,0,,,,,,0,,,,,,0,,,,,,0,,,,,,0,,,,,,0,,,,,,,,,,,0,,,,,,,,,,,0,,,,,,,,,,,0,,,,,,,,,,,0,,,,,,,,,,,0,,,,,,,,,,,0,,,,,,,,,,,0,,,,,,,,,,,0,,,,,,,,,,,0,,,,,,,,,,,0,,,,,,0
16,,,,,,,,,,,,0,,,,,,,,,,,0,,,,,,0,,,,,,0,,,,,,0,,,,,,0,,,,,,0,,,,,,0,,,,,,0,,,,,,0,,,,,,0,,,,,,0,,,,,,0,,,,,,0,,,,,,0,,,,,,0,,,,,,,,,,,0,,,,,,,,,,,0,,,,,,,,,,,0,,,,,,,,,,,0,,,,,,,,,,,0,,,,,,,,,,,0,,,,,,,,,,,0,,,,,,,,,,,0,,,,,,,,,,,0,,,,,,,,,,,0,,,,,,0
17,,,,,,,,,,,,0,,,,,,,,,,,0,,,,,,0,,,,,,0,,,,,,0,,,,,,0,,,,,,0,,,,,,0,,,,,,0,,,,,,0,,,,,,0,,,,,,0,,,,,,0,,,,,,0,,,,,,0,,,,,,0,,,,,,,,,,,0,,,,,,,,,,,0,,,,,,,,,,,0,,,,,,,,,,,0,,,,,,,,,,,0,,,,,,,,,,,0,,,,,,,,,,,0,,,,,,,,,,,0,,,,,,,,,,,0,,,,,,,,,,,0,,,,,,0
18,,,,,,,,,,,,0,,,,,,,,,,,0,,,,,,0,,,,,,0,,,,,,0,,,,,,0,,,,,,0,,,,,,0,,,,,,0,,,,,,0,,,,,,0,,,,,,0,,,,,,0,,,,,,0,,,,,,0,,,,,,0,,,,,,,,,,,0,,,,,,,,,,,0,,,,,,,,,,,0,,,,,,,,,,,0,,,,,,,,,,,0,,,,,,,,,,,0,,,,,,,,,,,0,,,,,,,,,,,0,,,,,,,,,,,0,,,,,,,,,,,0,,,,,,0
19,,,,,,,,,,,,0,,,,,,,,,,,0,,,,,,0,,,,,,0,,,,,,0,,,,,,0,,,,,,0,,,,,,0,,,,,,0,,,,,,0,,,,,,0,,,,,,0,,,,,,0,,,,,,0,,,,,,0,,,,,,0,,,,,,,,,,,0,,,,,,,,,,,0,,,,,,,,,,,0,,,,,,,,,,,0,,,,,,,,,,,0,,,,,,,,,,,0,,,,,,,,,,,0,,,,,,,,,,,0,,,,,,,,,,,0,,,,,,,,,,,0,,,,,,0
20,,,,,,,,,,,,0,,,,,,,,,,,0,,,,,,0,,,,,,0,,,,,,0,,,,,,0,,,,,,0,,,,,,0,,,,,,0,,,,,,0,,,,,,0,,,,,,0,,,,,,0,,,,,,0,,,,,,0,,,,,,0,,,,,,,,,,,0,,,,,,,,,,,0,,,,,,,,,,,0,,,,,,,,,,,0,,,,,,,,,,,0,,,,,,,,,,,0,,,,,,,,,,,0,,,,,,,,,,,0,,,,,,,,,,,0,,,,,,,,,,,0,,,,,,0
21,,,,,,,,,,,,0,,,,,,,,,,,0,,,,,,0,,,,,,0,,,,,,0,,,,,,0,,,,,,0,,,,,,0,,,,,,0,,,,,,0,,,,,,0,,,,,,0,,,,,,0,,,,,,0,,,,,,0,,,,,,0,,,,,,,,,,,0,,,,,,,,,,,0,,,,,,,,,,,0,,,,,,,,,,,0,,,,,,,,,,,0,,,,,,,,,,,0,,,,,,,,,,,0,,,,,,,,,,,0,,,,,,,,,,,0,,,,,,,,,,,0,,,,,,0
22,,,,,,,,,,,,0,,,,,,,,,,,0,,,,,,0,,,,,,0,,,,,,0,,,,,,0,,,,,,0,,,,,,0,,,,,,0,,,,,,0,,,,,,0,,,,,,0,,,,,,0,,,,,,0,,,,,,0,,,,,,0,,,,,,,,,,,0,,,,,,,,,,,0,,,,,,,,,,,0,,,,,,,,,,,0,,,,,,,,,,,0,,,,,,,,,,,0,,,,,,,,,,,0,,,,,,,,,,,0,,,,,,,,,,,0,,,,,,,,,,,0,,,,,,0
23,,,,,,,,,,,,0,,,,,,,,,,,0,,,,,,0,,,,,,0,,,,,,0,,,,,,0,,,,,,0,,,,,,0,,,,,,0,,,,,,0,,,,,,0,,,,,,0,,,,,,0,,,,,,0,,,,,,0,,,,,,0,,,,,,,,,,,0,,,,,,,,,,,0,,,,,,,,,,,0,,,,,,,,,,,0,,,,,,,,,,,0,,,,,,,,,,,0,,,,,,,,,,,0,,,,,,,,,,,0,,,,,,,,,,,0,,,,,,,,,,,0,,,,,,0
24,,,,,,,,,,,,0,,,,,,,,,,,0,,,,,,0,,,,,,0,,,,,,0,,,,,,0,,,,,,0,,,,,,0,,,,,,0,,,,,,0,,,,,,0,,,,,,0,,,,,,0,,,,,,0,,,,,,0,,,,,,0,,,,,,,,,,,0,,,,,,,,,,,0,,,,,,,,,,,0,,,,,,,,,,,0,,,,,,,,,,,0,,,,,,,,,,,0,,,,,,,,,,,0,,,,,,,,,,,0,,,,,,,,,,,0,,,,,,,,,,,0,,,,,,0
25,,,,,,,,,,,,0,,,,,,,,,,,0,,,,,,0,,,,,,0,,,,,,0,,,,,,0,,,,,,0,,,,,,0,,,,,,0,,,,,,0,,,,,,0,,,,,,0,,,,,,0,,,,,,0,,,,,,0,,,,,,0,,,,,,,,,,,0,,,,,,,,,,,0,,,,,,,,,,,0,,,,,,,,,,,0,,,,,,,,,,,0,,,,,,,,,,,0,,,,,,,,,,,0,,,,,,,,,,,0,,,,,,,,,,,0,,,,,,,,,,,0,,,,,,0
26,,,,,,,,,,,,0,,,,,,,,,,,0,,,,,,0,,,,,,0,,,,,,0,,,,,,0,,,,,,0,,,,,,0,,,,,,0,,,,,,0,,,,,,0,,,,,,0,,,,,,0,,,,,,0,,,,,,0,,,,,,0,,,,,,,,,,,0,,,,,,,,,,,0,,,,,,,,,,,0,,,,,,,,,,,0,,,,,,,,,,,0,,,,,,,,,,,0,,,,,,,,,,,0,,,,,,,,,,,0,,,,,,,,,,,0,,,,,,,,,,,0,,,,,,0
27,,,,,,,,,,,,0,,,,,,,,,,,0,,,,,,0,,,,,,0,,,,,,0,,,,,,0,,,,,,0,,,,,,0,,,,,,0,,,,,,0,,,,,,0,,,,,,0,,,,,,0,,,,,,0,,,,,,0,,,,,,0,,,,,,,,,,,0,,,,,,,,,,,0,,,,,,,,,,,0,,,,,,,,,,,0,,,,,,,,,,,0,,,,,,,,,,,0,,,,,,,,,,,0,,,,,,,,,,,0,,,,,,,,,,,0,,,,,,,,,,,0,,,,,,0
28,,,,,,,,,,,,0,,,,,,,,,,,0,,,,,,0,,,,,,0,,,,,,0,,,,,,0,,,,,,0,,,,,,0,,,,,,0,,,,,,0,,,,,,0,,,,,,0,,,,,,0,,,,,,0,,,,,,0,,,,,,0,,,,,,,,,,,0,,,,,,,,,,,0,,,,,,,,,,,0,,,,,,,,,,,0,,,,,,,,,,,0,,,,,,,,,,,0,,,,,,,,,,,0,,,,,,,,,,,0,,,,,,,,,,,0,,,,,,,,,,,0,,,,,,0
29,,,,,,,,,,,,0,,,,,,,,,,,0,,,,,,0,,,,,,0,,,,,,0,,,,,,0,,,,,,0,,,,,,0,,,,,,0,,,,,,0,,,,,,0,,,,,,0,,,,,,0,,,,,,0,,,,,,0,,,,,,0,,,,,,,,,,,0,,,,,,,,,,,0,,,,,,,,,,,0,,,,,,,,,,,0,,,,,,,,,,,0,,,,,,,,,,,0,,,,,,,,,,,0,,,,,,,,,,,0,,,,,,,,,,,0,,,,,,,,,,,0,,,,,,0
30,,,,,,,,,,,,0,,,,,,,,,,,0,,,,,,0,,,,,,0,,,,,,0,,,,,,0,,,,,,0,,,,,,0,,,,,,0,,,,,,0,,,,,,0,,,,,,0,,,,,,0,,,,,,0,,,,,,0,,,,,,0,,,,,,,,,,,0,,,,,,,,,,,0,,,,,,,,,,,0,,,,,,,,,,,0,,,,,,,,,,,0,,,,,,,,,,,0,,,,,,,,,,,0,,,,,,,,,,,0,,,,,,,,,,,0,,,,,,,,,,,0,,,,,,0